term,reading,meaning,pos,source_scope,source_type,difficulty,notes
abbreviation,,,,cet6,official_syllabus_2016,3,全国大学英语四、六级考试大纲（2016年修订版）词表；★标为六级词。
abide,,,,cet6,official_syllabus_2016,3,全国大学英语四、六级考试大纲（2016年修订版）词表；★标为六级词。
abnormal,,,,cet6,official_syllabus_2016,3,全国大学英语四、六级考试大纲（2016年修订版）词表；★标为六级词。
abort,,,,cet6,official_syllabus_2016,3,全国大学英语四、六级考试大纲（2016年修订版）词表；★标为六级词。
abreast,,,,cet6,official_syllabus_2016,3,全国大学英语四、六级考试大纲（2016年修订版）词表；★标为六级词。
abrupt,,,,cet6,official_syllabus_2016,3,全国大学英语四、六级考试大纲（2016年修订版）词表；★标为六级词。
absurd,,,,cet6,official_syllabus_2016,3,全国大学英语四、六级考试大纲（2016年修订版）词表；★标为六级词。
accessory,,,,cet6,official_syllabus_2016,3,全国大学英语四、六级考试大纲（2016年修订版）词表；★标为六级词。
acclaim,,,,cet6,official_syllabus_2016,3,全国大学英语四、六级考试大纲（2016年修订版）词表；★标为六级词。
activate,,,,cet6,official_syllabus_2016,3,全国大学英语四、六级考试大纲（2016年修订版）词表；★标为六级词。
acupuncture,,,,cet6,official_syllabus_2016,3,全国大学英语四、六级考试大纲（2016年修订版）词表；★标为六级词。
adhere,,,,cet6,official_syllabus_2016,3,全国大学英语四、六级考试大纲（2016年修订版）词表；★标为六级词。
adjacent,,,,cet6,official_syllabus_2016,3,全国大学英语四、六级考试大纲（2016年修订版）词表；★标为六级词。
adolescent,,,,cet6,official_syllabus_2016,3,全国大学英语四、六级考试大纲（2016年修订版）词表；★标为六级词。
adore,,,,cet6,official_syllabus_2016,3,全国大学英语四、六级考试大纲（2016年修订版）词表；★标为六级词。
advent,,,,cet6,official_syllabus_2016,3,全国大学英语四、六级考试大纲（2016年修订版）词表；★标为六级词。
adversary,,,,cet6,official_syllabus_2016,3,全国大学英语四、六级考试大纲（2016年修订版）词表；★标为六级词。
adverse,,,,cet6,official_syllabus_2016,3,全国大学英语四、六级考试大纲（2016年修订版）词表；★标为六级词。
aesthetic,,,,cet6,official_syllabus_2016,3,全国大学英语四、六级考试大纲（2016年修订版）词表；★标为六级词。
affiliate,,,,cet6,official_syllabus_2016,3,全国大学英语四、六级考试大纲（2016年修订版）词表；★标为六级词。
affirm,,,,cet6,official_syllabus_2016,3,全国大学英语四、六级考试大纲（2016年修订版）词表；★标为六级词。
affix,,,,cet6,official_syllabus_2016,3,全国大学英语四、六级考试大纲（2016年修订版）词表；★标为六级词。
afloat,,,,cet6,official_syllabus_2016,3,全国大学英语四、六级考试大纲（2016年修订版）词表；★标为六级词。
aftermath,,,,cet6,official_syllabus_2016,3,全国大学英语四、六级考试大纲（2016年修订版）词表；★标为六级词。
aggravate,,,,cet6,official_syllabus_2016,3,全国大学英语四、六级考试大纲（2016年修订版）词表；★标为六级词。
aggregate,,,,cet6,official_syllabus_2016,3,全国大学英语四、六级考试大纲（2016年修订版）词表；★标为六级词。
agitate,,,,cet6,official_syllabus_2016,3,全国大学英语四、六级考试大纲（2016年修订版）词表；★标为六级词。
agony,,,,cet6,official_syllabus_2016,3,全国大学英语四、六级考试大纲（2016年修订版）词表；★标为六级词。
aide,,,,cet6,official_syllabus_2016,3,全国大学英语四、六级考试大纲（2016年修订版）词表；★标为六级词。
ail,,,,cet6,official_syllabus_2016,3,全国大学英语四、六级考试大纲（2016年修订版）词表；★标为六级词。
airborne,,,,cet6,official_syllabus_2016,3,全国大学英语四、六级考试大纲（2016年修订版）词表；★标为六级词。
akin,,,,cet6,official_syllabus_2016,3,全国大学英语四、六级考试大纲（2016年修订版）词表；★标为六级词。
ale,,,,cet6,official_syllabus_2016,3,全国大学英语四、六级考试大纲（2016年修订版）词表；★标为六级词。
alien,,,,cet6,official_syllabus_2016,3,全国大学英语四、六级考试大纲（2016年修订版）词表；★标为六级词。
align,,,,cet6,official_syllabus_2016,3,全国大学英语四、六级考试大纲（2016年修订版）词表；★标为六级词。
allergic,,,,cet6,official_syllabus_2016,3,全国大学英语四、六级考试大纲（2016年修订版）词表；★标为六级词。
alleviate,,,,cet6,official_syllabus_2016,3,全国大学英语四、六级考试大纲（2016年修订版）词表；★标为六级词。
allocate,,,,cet6,official_syllabus_2016,3,全国大学英语四、六级考试大纲（2016年修订版）词表；★标为六级词。
allot,,,,cet6,official_syllabus_2016,3,全国大学英语四、六级考试大纲（2016年修订版）词表；★标为六级词。
alloy,,,,cet6,official_syllabus_2016,3,全国大学英语四、六级考试大纲（2016年修订版）词表；★标为六级词。
allude,,,,cet6,official_syllabus_2016,3,全国大学英语四、六级考试大纲（2016年修订版）词表；★标为六级词。
allure,,,,cet6,official_syllabus_2016,3,全国大学英语四、六级考试大纲（2016年修订版）词表；★标为六级词。
almighty,,,,cet6,official_syllabus_2016,3,全国大学英语四、六级考试大纲（2016年修订版）词表；★标为六级词。
aloft,,,,cet6,official_syllabus_2016,3,全国大学英语四、六级考试大纲（2016年修订版）词表；★标为六级词。
alternate,,,,cet6,official_syllabus_2016,3,全国大学英语四、六级考试大纲（2016年修订版）词表；★标为六级词。
amass,,,,cet6,official_syllabus_2016,3,全国大学英语四、六级考试大纲（2016年修订版）词表；★标为六级词。
ambiguous,,,,cet6,official_syllabus_2016,3,全国大学英语四、六级考试大纲（2016年修订版）词表；★标为六级词。
amend,,,,cet6,official_syllabus_2016,3,全国大学英语四、六级考试大纲（2016年修订版）词表；★标为六级词。
amiable,,,,cet6,official_syllabus_2016,3,全国大学英语四、六级考试大纲（2016年修订版）词表；★标为六级词。
ammunition,,,,cet6,official_syllabus_2016,3,全国大学英语四、六级考试大纲（2016年修订版）词表；★标为六级词。
amplify,,,,cet6,official_syllabus_2016,3,全国大学英语四、六级考试大纲（2016年修订版）词表；★标为六级词。
analogue,,,,cet6,official_syllabus_2016,3,全国大学英语四、六级考试大纲（2016年修订版）词表；★标为六级词。
analogy,,,,cet6,official_syllabus_2016,3,全国大学英语四、六级考试大纲（2016年修订版）词表；★标为六级词。
anecdote,,,,cet6,official_syllabus_2016,3,全国大学英语四、六级考试大纲（2016年修订版）词表；★标为六级词。
anguish,,,,cet6,official_syllabus_2016,3,全国大学英语四、六级考试大纲（2016年修订版）词表；★标为六级词。
animate,,,,cet6,official_syllabus_2016,3,全国大学英语四、六级考试大纲（2016年修订版）词表；★标为六级词。
annex,,,,cet6,official_syllabus_2016,3,全国大学英语四、六级考试大纲（2016年修订版）词表；★标为六级词。
anonymous,,,,cet6,official_syllabus_2016,3,全国大学英语四、六级考试大纲（2016年修订版）词表；★标为六级词。
antagonism,,,,cet6,official_syllabus_2016,3,全国大学英语四、六级考试大纲（2016年修订版）词表；★标为六级词。
antenna,,,,cet6,official_syllabus_2016,3,全国大学英语四、六级考试大纲（2016年修订版）词表；★标为六级词。
antibiotic,,,,cet6,official_syllabus_2016,3,全国大学英语四、六级考试大纲（2016年修订版）词表；★标为六级词。
antonym,,,,cet6,official_syllabus_2016,3,全国大学英语四、六级考试大纲（2016年修订版）词表；★标为六级词。
ape,,,,cet6,official_syllabus_2016,3,全国大学英语四、六级考试大纲（2016年修订版）词表；★标为六级词。
appal(l),,,,cet6,official_syllabus_2016,3,全国大学英语四、六级考试大纲（2016年修订版）词表；★标为六级词。
appease,,,,cet6,official_syllabus_2016,3,全国大学英语四、六级考试大纲（2016年修订版）词表；★标为六级词。
appendix,,,,cet6,official_syllabus_2016,3,全国大学英语四、六级考试大纲（2016年修订版）词表；★标为六级词。
appraise,,,,cet6,official_syllabus_2016,3,全国大学英语四、六级考试大纲（2016年修订版）词表；★标为六级词。
apprentice,,,,cet6,official_syllabus_2016,3,全国大学英语四、六级考试大纲（2016年修订版）词表；★标为六级词。
appropriate,,,,cet6,official_syllabus_2016,3,全国大学英语四、六级考试大纲（2016年修订版）词表；★标为六级词。
apron,,,,cet6,official_syllabus_2016,3,全国大学英语四、六级考试大纲（2016年修订版）词表；★标为六级词。
apt,,,,cet6,official_syllabus_2016,3,全国大学英语四、六级考试大纲（2016年修订版）词表；★标为六级词。
arbitrate,,,,cet6,official_syllabus_2016,3,全国大学英语四、六级考试大纲（2016年修订版）词表；★标为六级词。
arc,,,,cet6,official_syllabus_2016,3,全国大学英语四、六级考试大纲（2016年修订版）词表；★标为六级词。
arch,,,,cet6,official_syllabus_2016,3,全国大学英语四、六级考试大纲（2016年修订版）词表；★标为六级词。
archive,,,,cet6,official_syllabus_2016,3,全国大学英语四、六级考试大纲（2016年修订版）词表；★标为六级词。
ardent,,,,cet6,official_syllabus_2016,3,全国大学英语四、六级考试大纲（2016年修订版）词表；★标为六级词。
arena,,,,cet6,official_syllabus_2016,3,全国大学英语四、六级考试大纲（2016年修订版）词表；★标为六级词。
aristocrat,,,,cet6,official_syllabus_2016,3,全国大学英语四、六级考试大纲（2016年修订版）词表；★标为六级词。
armo(u)r,,,,cet6,official_syllabus_2016,3,全国大学英语四、六级考试大纲（2016年修订版）词表；★标为六级词。
array,,,,cet6,official_syllabus_2016,3,全国大学英语四、六级考试大纲（2016年修订版）词表；★标为六级词。
arrogant,,,,cet6,official_syllabus_2016,3,全国大学英语四、六级考试大纲（2016年修订版）词表；★标为六级词。
artery,,,,cet6,official_syllabus_2016,3,全国大学英语四、六级考试大纲（2016年修订版）词表；★标为六级词。
articulate,,,,cet6,official_syllabus_2016,3,全国大学英语四、六级考试大纲（2016年修订版）词表；★标为六级词。
artifact,,,,cet6,official_syllabus_2016,3,全国大学英语四、六级考试大纲（2016年修订版）词表；★标为六级词。
artillery,,,,cet6,official_syllabus_2016,3,全国大学英语四、六级考试大纲（2016年修订版）词表；★标为六级词。
ascend,,,,cet6,official_syllabus_2016,3,全国大学英语四、六级考试大纲（2016年修订版）词表；★标为六级词。
ascertain,,,,cet6,official_syllabus_2016,3,全国大学英语四、六级考试大纲（2016年修订版）词表；★标为六级词。
ascribe,,,,cet6,official_syllabus_2016,3,全国大学英语四、六级考试大纲（2016年修订版）词表；★标为六级词。
aspire,,,,cet6,official_syllabus_2016,3,全国大学英语四、六级考试大纲（2016年修订版）词表；★标为六级词。
assassinate,,,,cet6,official_syllabus_2016,3,全国大学英语四、六级考试大纲（2016年修订版）词表；★标为六级词。
assault,,,,cet6,official_syllabus_2016,3,全国大学英语四、六级考试大纲（2016年修订版）词表；★标为六级词。
assert,,,,cet6,official_syllabus_2016,3,全国大学英语四、六级考试大纲（2016年修订版）词表；★标为六级词。
assimilate,,,,cet6,official_syllabus_2016,3,全国大学英语四、六级考试大纲（2016年修订版）词表；★标为六级词。
assorted,,,,cet6,official_syllabus_2016,3,全国大学英语四、六级考试大纲（2016年修订版）词表；★标为六级词。
assortment,,,,cet6,official_syllabus_2016,3,全国大学英语四、六级考试大纲（2016年修订版）词表；★标为六级词。
astray,,,,cet6,official_syllabus_2016,3,全国大学英语四、六级考试大纲（2016年修订版）词表；★标为六级词。
asylum,,,,cet6,official_syllabus_2016,3,全国大学英语四、六级考试大纲（2016年修订版）词表；★标为六级词。
atlas,,,,cet6,official_syllabus_2016,3,全国大学英语四、六级考试大纲（2016年修订版）词表；★标为六级词。
atrocity,,,,cet6,official_syllabus_2016,3,全国大学英语四、六级考试大纲（2016年修订版）词表；★标为六级词。
auction,,,,cet6,official_syllabus_2016,3,全国大学英语四、六级考试大纲（2016年修订版）词表；★标为六级词。
audit,,,,cet6,official_syllabus_2016,3,全国大学英语四、六级考试大纲（2016年修订版）词表；★标为六级词。
augment,,,,cet6,official_syllabus_2016,3,全国大学英语四、六级考试大纲（2016年修订版）词表；★标为六级词。
autobiography,,,,cet6,official_syllabus_2016,3,全国大学英语四、六级考试大纲（2016年修订版）词表；★标为六级词。
autonomous,,,,cet6,official_syllabus_2016,3,全国大学英语四、六级考试大纲（2016年修订版）词表；★标为六级词。
auxiliary,,,,cet6,official_syllabus_2016,3,全国大学英语四、六级考试大纲（2016年修订版）词表；★标为六级词。
avail,,,,cet6,official_syllabus_2016,3,全国大学英语四、六级考试大纲（2016年修订版）词表；★标为六级词。
avenge,,,,cet6,official_syllabus_2016,3,全国大学英语四、六级考试大纲（2016年修订版）词表；★标为六级词。
avert,,,,cet6,official_syllabus_2016,3,全国大学英语四、六级考试大纲（2016年修订版）词表；★标为六级词。
baffle,,,,cet6,official_syllabus_2016,3,全国大学英语四、六级考试大纲（2016年修订版）词表；★标为六级词。
bald,,,,cet6,official_syllabus_2016,3,全国大学英语四、六级考试大纲（2016年修订版）词表；★标为六级词。
barge,,,,cet6,official_syllabus_2016,3,全国大学英语四、六级考试大纲（2016年修订版）词表；★标为六级词。
barn,,,,cet6,official_syllabus_2016,3,全国大学英语四、六级考试大纲（2016年修订版）词表；★标为六级词。
barometer,,,,cet6,official_syllabus_2016,3,全国大学英语四、六级考试大纲（2016年修订版）词表；★标为六级词。
barracks,,,,cet6,official_syllabus_2016,3,全国大学英语四、六级考试大纲（2016年修订版）词表；★标为六级词。
barren,,,,cet6,official_syllabus_2016,3,全国大学英语四、六级考试大纲（2016年修订版）词表；★标为六级词。
bass,,,,cet6,official_syllabus_2016,3,全国大学英语四、六级考试大纲（2016年修订版）词表；★标为六级词。
batter,,,,cet6,official_syllabus_2016,3,全国大学英语四、六级考试大纲（2016年修订版）词表；★标为六级词。
bead,,,,cet6,official_syllabus_2016,3,全国大学英语四、六级考试大纲（2016年修订版）词表；★标为六级词。
beak,,,,cet6,official_syllabus_2016,3,全国大学英语四、六级考试大纲（2016年修订版）词表；★标为六级词。
beckon,,,,cet6,official_syllabus_2016,3,全国大学英语四、六级考试大纲（2016年修订版）词表；★标为六级词。
beetle,,,,cet6,official_syllabus_2016,3,全国大学英语四、六级考试大纲（2016年修订版）词表；★标为六级词。
benevolent,,,,cet6,official_syllabus_2016,3,全国大学英语四、六级考试大纲（2016年修订版）词表；★标为六级词。
benign,,,,cet6,official_syllabus_2016,3,全国大学英语四、六级考试大纲（2016年修订版）词表；★标为六级词。
beset,,,,cet6,official_syllabus_2016,3,全国大学英语四、六级考试大纲（2016年修订版）词表；★标为六级词。
besiege,,,,cet6,official_syllabus_2016,3,全国大学英语四、六级考试大纲（2016年修订版）词表；★标为六级词。
beware,,,,cet6,official_syllabus_2016,3,全国大学英语四、六级考试大纲（2016年修订版）词表；★标为六级词。
bewilder,,,,cet6,official_syllabus_2016,3,全国大学英语四、六级考试大纲（2016年修订版）词表；★标为六级词。
bibliography,,,,cet6,official_syllabus_2016,3,全国大学英语四、六级考试大纲（2016年修订版）词表；★标为六级词。
bilateral,,,,cet6,official_syllabus_2016,3,全国大学英语四、六级考试大纲（2016年修订版）词表；★标为六级词。
binoculars,,,,cet6,official_syllabus_2016,3,全国大学英语四、六级考试大纲（2016年修订版）词表；★标为六级词。
bishop,,,,cet6,official_syllabus_2016,3,全国大学英语四、六级考试大纲（2016年修订版）词表；★标为六级词。
bizarre,,,,cet6,official_syllabus_2016,3,全国大学英语四、六级考试大纲（2016年修订版）词表；★标为六级词。
blackmail,,,,cet6,official_syllabus_2016,3,全国大学英语四、六级考试大纲（2016年修订版）词表；★标为六级词。
blaze,,,,cet6,official_syllabus_2016,3,全国大学英语四、六级考试大纲（2016年修订版）词表；★标为六级词。
bleach,,,,cet6,official_syllabus_2016,3,全国大学英语四、六级考试大纲（2016年修订版）词表；★标为六级词。
bleak,,,,cet6,official_syllabus_2016,3,全国大学英语四、六级考试大纲（2016年修订版）词表；★标为六级词。
blink,,,,cet6,official_syllabus_2016,3,全国大学英语四、六级考试大纲（2016年修订版）词表；★标为六级词。
bloc,,,,cet6,official_syllabus_2016,3,全国大学英语四、六级考试大纲（2016年修订版）词表；★标为六级词。
bluff,,,,cet6,official_syllabus_2016,3,全国大学英语四、六级考试大纲（2016年修订版）词表；★标为六级词。
blunder,,,,cet6,official_syllabus_2016,3,全国大学英语四、六级考试大纲（2016年修订版）词表；★标为六级词。
blunt,,,,cet6,official_syllabus_2016,3,全国大学英语四、六级考试大纲（2016年修订版）词表；★标为六级词。
blush,,,,cet6,official_syllabus_2016,3,全国大学英语四、六级考试大纲（2016年修订版）词表；★标为六级词。
bolster,,,,cet6,official_syllabus_2016,3,全国大学英语四、六级考试大纲（2016年修订版）词表；★标为六级词。
botany,,,,cet6,official_syllabus_2016,3,全国大学英语四、六级考试大纲（2016年修订版）词表；★标为六级词。
bouquet,,,,cet6,official_syllabus_2016,3,全国大学英语四、六级考试大纲（2016年修订版）词表；★标为六级词。
bout,,,,cet6,official_syllabus_2016,3,全国大学英语四、六级考试大纲（2016年修订版）词表；★标为六级词。
boycott,,,,cet6,official_syllabus_2016,3,全国大学英语四、六级考试大纲（2016年修订版）词表；★标为六级词。
brace,,,,cet6,official_syllabus_2016,3,全国大学英语四、六级考试大纲（2016年修订版）词表；★标为六级词。
breach,,,,cet6,official_syllabus_2016,3,全国大学英语四、六级考试大纲（2016年修订版）词表；★标为六级词。
brew,,,,cet6,official_syllabus_2016,3,全国大学英语四、六级考试大纲（2016年修订版）词表；★标为六级词。
brigade,,,,cet6,official_syllabus_2016,3,全国大学英语四、六级考试大纲（2016年修订版）词表；★标为六级词。
brink,,,,cet6,official_syllabus_2016,3,全国大学英语四、六级考试大纲（2016年修订版）词表；★标为六级词。
brisk,,,,cet6,official_syllabus_2016,3,全国大学英语四、六级考试大纲（2016年修订版）词表；★标为六级词。
bronze,,,,cet6,official_syllabus_2016,3,全国大学英语四、六级考试大纲（2016年修订版）词表；★标为六级词。
brood,,,,cet6,official_syllabus_2016,3,全国大学英语四、六级考试大纲（2016年修订版）词表；★标为六级词。
bruise,,,,cet6,official_syllabus_2016,3,全国大学英语四、六级考试大纲（2016年修订版）词表；★标为六级词。
Buddhism,,,,cet6,official_syllabus_2016,3,全国大学英语四、六级考试大纲（2016年修订版）词表；★标为六级词。
buffalo,,,,cet6,official_syllabus_2016,3,全国大学英语四、六级考试大纲（2016年修订版）词表；★标为六级词。
buffer,,,,cet6,official_syllabus_2016,3,全国大学英语四、六级考试大纲（2016年修订版）词表；★标为六级词。
bureaucrat,,,,cet6,official_syllabus_2016,3,全国大学英语四、六级考试大纲（2016年修订版）词表；★标为六级词。
burglar,,,,cet6,official_syllabus_2016,3,全国大学英语四、六级考试大纲（2016年修订版）词表；★标为六级词。
bust,,,,cet6,official_syllabus_2016,3,全国大学英语四、六级考试大纲（2016年修订版）词表；★标为六级词。
butt,,,,cet6,official_syllabus_2016,3,全国大学英语四、六级考试大纲（2016年修订版）词表；★标为六级词。
buzz,,,,cet6,official_syllabus_2016,3,全国大学英语四、六级考试大纲（2016年修订版）词表；★标为六级词。
calcium,,,,cet6,official_syllabus_2016,3,全国大学英语四、六级考试大纲（2016年修订版）词表；★标为六级词。
cannon,,,,cet6,official_syllabus_2016,3,全国大学英语四、六级考试大纲（2016年修订版）词表；★标为六级词。
canoe,,,,cet6,official_syllabus_2016,3,全国大学英语四、六级考试大纲（2016年修订版）词表；★标为六级词。
canvas,,,,cet6,official_syllabus_2016,3,全国大学英语四、六级考试大纲（2016年修订版）词表；★标为六级词。
cape,,,,cet6,official_syllabus_2016,3,全国大学英语四、六级考试大纲（2016年修订版）词表；★标为六级词。
capsule,,,,cet6,official_syllabus_2016,3,全国大学英语四、六级考试大纲（2016年修订版）词表；★标为六级词。
caption,,,,cet6,official_syllabus_2016,3,全国大学英语四、六级考试大纲（2016年修订版）词表；★标为六级词。
captive,,,,cet6,official_syllabus_2016,3,全国大学英语四、六级考试大纲（2016年修订版）词表；★标为六级词。
caravan,,,,cet6,official_syllabus_2016,3,全国大学英语四、六级考试大纲（2016年修订版）词表；★标为六级词。
carbohydrate,,,,cet6,official_syllabus_2016,3,全国大学英语四、六级考试大纲（2016年修订版）词表；★标为六级词。
cardinal,,,,cet6,official_syllabus_2016,3,全国大学英语四、六级考试大纲（2016年修订版）词表；★标为六级词。
carton,,,,cet6,official_syllabus_2016,3,全国大学英语四、六级考试大纲（2016年修订版）词表；★标为六级词。
carve,,,,cet6,official_syllabus_2016,3,全国大学英语四、六级考试大纲（2016年修订版）词表；★标为六级词。
casino,,,,cet6,official_syllabus_2016,3,全国大学英语四、六级考试大纲（2016年修订版）词表；★标为六级词。
casualty,,,,cet6,official_syllabus_2016,3,全国大学英语四、六级考试大纲（2016年修订版）词表；★标为六级词。
catastrophe,,,,cet6,official_syllabus_2016,3,全国大学英语四、六级考试大纲（2016年修订版）词表；★标为六级词。
cathedral,,,,cet6,official_syllabus_2016,3,全国大学英语四、六级考试大纲（2016年修订版）词表；★标为六级词。
Catholic,,,,cet6,official_syllabus_2016,3,全国大学英语四、六级考试大纲（2016年修订版）词表；★标为六级词。
cauliflower,,,,cet6,official_syllabus_2016,3,全国大学英语四、六级考试大纲（2016年修订版）词表；★标为六级词。
cavity,,,,cet6,official_syllabus_2016,3,全国大学英语四、六级考试大纲（2016年修订版）词表；★标为六级词。
celebrity,,,,cet6,official_syllabus_2016,3,全国大学英语四、六级考试大纲（2016年修订版）词表；★标为六级词。
cemetery,,,,cet6,official_syllabus_2016,3,全国大学英语四、六级考试大纲（2016年修订版）词表；★标为六级词。
censor,,,,cet6,official_syllabus_2016,3,全国大学英语四、六级考试大纲（2016年修订版）词表；★标为六级词。
census,,,,cet6,official_syllabus_2016,3,全国大学英语四、六级考试大纲（2016年修订版）词表；★标为六级词。
ceramic,,,,cet6,official_syllabus_2016,3,全国大学英语四、六级考试大纲（2016年修订版）词表；★标为六级词。
certify,,,,cet6,official_syllabus_2016,3,全国大学英语四、六级考试大纲（2016年修订版）词表；★标为六级词。
chamber,,,,cet6,official_syllabus_2016,3,全国大学英语四、六级考试大纲（2016年修订版）词表；★标为六级词。
chancellor,,,,cet6,official_syllabus_2016,3,全国大学英语四、六级考试大纲（2016年修订版）词表；★标为六级词。
chant,,,,cet6,official_syllabus_2016,3,全国大学英语四、六级考试大纲（2016年修订版）词表；★标为六级词。
chapel,,,,cet6,official_syllabus_2016,3,全国大学英语四、六级考试大纲（2016年修订版）词表；★标为六级词。
choir,,,,cet6,official_syllabus_2016,3,全国大学英语四、六级考试大纲（2016年修订版）词表；★标为六级词。
chord,,,,cet6,official_syllabus_2016,3,全国大学英语四、六级考试大纲（2016年修订版）词表；★标为六级词。
chronic,,,,cet6,official_syllabus_2016,3,全国大学英语四、六级考试大纲（2016年修订版）词表；★标为六级词。
chronicle,,,,cet6,official_syllabus_2016,3,全国大学英语四、六级考试大纲（2016年修订版）词表；★标为六级词。
chunk,,,,cet6,official_syllabus_2016,3,全国大学英语四、六级考试大纲（2016年修订版）词表；★标为六级词。
civic,,,,cet6,official_syllabus_2016,3,全国大学英语四、六级考试大纲（2016年修订版）词表；★标为六级词。
clamp,,,,cet6,official_syllabus_2016,3,全国大学英语四、六级考试大纲（2016年修订版）词表；★标为六级词。
clan,,,,cet6,official_syllabus_2016,3,全国大学英语四、六级考试大纲（2016年修订版）词表；★标为六级词。
clasp,,,,cet6,official_syllabus_2016,3,全国大学英语四、六级考试大纲（2016年修订版）词表；★标为六级词。
cleanse,,,,cet6,official_syllabus_2016,3,全国大学英语四、六级考试大纲（2016年修订版）词表；★标为六级词。
clearance,,,,cet6,official_syllabus_2016,3,全国大学英语四、六级考试大纲（2016年修订版）词表；★标为六级词。
clearing,,,,cet6,official_syllabus_2016,3,全国大学英语四、六级考试大纲（2016年修订版）词表；★标为六级词。
clench,,,,cet6,official_syllabus_2016,3,全国大学英语四、六级考试大纲（2016年修订版）词表；★标为六级词。
clergy,,,,cet6,official_syllabus_2016,3,全国大学英语四、六级考试大纲（2016年修订版）词表；★标为六级词。
cliché,,,,cet6,official_syllabus_2016,3,全国大学英语四、六级考试大纲（2016年修订版）词表；★标为六级词。
cloak,,,,cet6,official_syllabus_2016,3,全国大学英语四、六级考试大纲（2016年修订版）词表；★标为六级词。
clog,,,,cet6,official_syllabus_2016,3,全国大学英语四、六级考试大纲（2016年修订版）词表；★标为六级词。
closet,,,,cet6,official_syllabus_2016,3,全国大学英语四、六级考试大纲（2016年修订版）词表；★标为六级词。
cluster,,,,cet6,official_syllabus_2016,3,全国大学英语四、六级考试大纲（2016年修订版）词表；★标为六级词。
clutch,,,,cet6,official_syllabus_2016,3,全国大学英语四、六级考试大纲（2016年修订版）词表；★标为六级词。
coalition,,,,cet6,official_syllabus_2016,3,全国大学英语四、六级考试大纲（2016年修订版）词表；★标为六级词。
cocaine,,,,cet6,official_syllabus_2016,3,全国大学英语四、六级考试大纲（2016年修订版）词表；★标为六级词。
cockpit,,,,cet6,official_syllabus_2016,3,全国大学英语四、六级考试大纲（2016年修订版）词表；★标为六级词。
cocktail,,,,cet6,official_syllabus_2016,3,全国大学英语四、六级考试大纲（2016年修订版）词表；★标为六级词。
coconut,,,,cet6,official_syllabus_2016,3,全国大学英语四、六级考试大纲（2016年修订版）词表；★标为六级词。
coexist,,,,cet6,official_syllabus_2016,3,全国大学英语四、六级考试大纲（2016年修订版）词表；★标为六级词。
cognitive,,,,cet6,official_syllabus_2016,3,全国大学英语四、六级考试大纲（2016年修订版）词表；★标为六级词。
coincide,,,,cet6,official_syllabus_2016,3,全国大学英语四、六级考试大纲（2016年修订版）词表；★标为六级词。
collide,,,,cet6,official_syllabus_2016,3,全国大学英语四、六级考试大纲（2016年修订版）词表；★标为六级词。
colonel,,,,cet6,official_syllabus_2016,3,全国大学英语四、六级考试大纲（2016年修订版）词表；★标为六级词。
comet,,,,cet6,official_syllabus_2016,3,全国大学英语四、六级考试大纲（2016年修订版）词表；★标为六级词。
comic,,,,cet6,official_syllabus_2016,3,全国大学英语四、六级考试大纲（2016年修订版）词表；★标为六级词。
commemorate,,,,cet6,official_syllabus_2016,3,全国大学英语四、六级考试大纲（2016年修订版）词表；★标为六级词。
commend,,,,cet6,official_syllabus_2016,3,全国大学英语四、六级考试大纲（2016年修订版）词表；★标为六级词。
commonwealth,,,,cet6,official_syllabus_2016,3,全国大学英语四、六级考试大纲（2016年修订版）词表；★标为六级词。
compartment,,,,cet6,official_syllabus_2016,3,全国大学英语四、六级考试大纲（2016年修订版）词表；★标为六级词。
compassion,,,,cet6,official_syllabus_2016,3,全国大学英语四、六级考试大纲（2016年修订版）词表；★标为六级词。
compile,,,,cet6,official_syllabus_2016,3,全国大学英语四、六级考试大纲（2016年修订版）词表；★标为六级词。
complacent,,,,cet6,official_syllabus_2016,3,全国大学英语四、六级考试大纲（2016年修订版）词表；★标为六级词。
complement,,,,cet6,official_syllabus_2016,3,全国大学英语四、六级考试大纲（2016年修订版）词表；★标为六级词。
complexion,,,,cet6,official_syllabus_2016,3,全国大学英语四、六级考试大纲（2016年修订版）词表；★标为六级词。
compliment,,,,cet6,official_syllabus_2016,3,全国大学英语四、六级考试大纲（2016年修订版）词表；★标为六级词。
composite,,,,cet6,official_syllabus_2016,3,全国大学英语四、六级考试大纲（2016年修订版）词表；★标为六级词。
compress,,,,cet6,official_syllabus_2016,3,全国大学英语四、六级考试大纲（2016年修订版）词表；★标为六级词。
concede,,,,cet6,official_syllabus_2016,3,全国大学英语四、六级考试大纲（2016年修订版）词表；★标为六级词。
conceit,,,,cet6,official_syllabus_2016,3,全国大学英语四、六级考试大纲（2016年修订版）词表；★标为六级词。
conceive,,,,cet6,official_syllabus_2016,3,全国大学英语四、六级考试大纲（2016年修订版）词表；★标为六级词。
concise,,,,cet6,official_syllabus_2016,3,全国大学英语四、六级考试大纲（2016年修订版）词表；★标为六级词。
concurrent,,,,cet6,official_syllabus_2016,3,全国大学英语四、六级考试大纲（2016年修订版）词表；★标为六级词。
condolence,,,,cet6,official_syllabus_2016,3,全国大学英语四、六级考试大纲（2016年修订版）词表；★标为六级词。
conducive,,,,cet6,official_syllabus_2016,3,全国大学英语四、六级考试大纲（2016年修订版）词表；★标为六级词。
confederation,,,,cet6,official_syllabus_2016,3,全国大学英语四、六级考试大纲（2016年修订版）词表；★标为六级词。
confer,,,,cet6,official_syllabus_2016,3,全国大学英语四、六级考试大纲（2016年修订版）词表；★标为六级词。
confide,,,,cet6,official_syllabus_2016,3,全国大学英语四、六级考试大纲（2016年修订版）词表；★标为六级词。
configuration,,,,cet6,official_syllabus_2016,3,全国大学英语四、六级考试大纲（2016年修订版）词表；★标为六级词。
congregate,,,,cet6,official_syllabus_2016,3,全国大学英语四、六级考试大纲（2016年修订版）词表；★标为六级词。
connotation,,,,cet6,official_syllabus_2016,3,全国大学英语四、六级考试大纲（2016年修订版）词表；★标为六级词。
consecutive,,,,cet6,official_syllabus_2016,3,全国大学英语四、六级考试大纲（2016年修订版）词表；★标为六级词。
conserve,,,,cet6,official_syllabus_2016,3,全国大学英语四、六级考试大纲（2016年修订版）词表；★标为六级词。
console,,,,cet6,official_syllabus_2016,3,全国大学英语四、六级考试大纲（2016年修订版）词表；★标为六级词。
conspicuous,,,,cet6,official_syllabus_2016,3,全国大学英语四、六级考试大纲（2016年修订版）词表；★标为六级词。
conspire,,,,cet6,official_syllabus_2016,3,全国大学英语四、六级考试大纲（2016年修订版）词表；★标为六级词。
constituent,,,,cet6,official_syllabus_2016,3,全国大学英语四、六级考试大纲（2016年修订版）词表；★标为六级词。
constrain,,,,cet6,official_syllabus_2016,3,全国大学英语四、六级考试大纲（2016年修订版）词表；★标为六级词。
consulate,,,,cet6,official_syllabus_2016,3,全国大学英语四、六级考试大纲（2016年修订版）词表；★标为六级词。
contagious,,,,cet6,official_syllabus_2016,3,全国大学英语四、六级考试大纲（2016年修订版）词表；★标为六级词。
contemplate,,,,cet6,official_syllabus_2016,3,全国大学英语四、六级考试大纲（2016年修订版）词表；★标为六级词。
contingent,,,,cet6,official_syllabus_2016,3,全国大学英语四、六级考试大纲（2016年修订版）词表；★标为六级词。
contrive,,,,cet6,official_syllabus_2016,3,全国大学英语四、六级考试大纲（2016年修订版）词表；★标为六级词。
convene,,,,cet6,official_syllabus_2016,3,全国大学英语四、六级考试大纲（2016年修订版）词表；★标为六级词。
converge,,,,cet6,official_syllabus_2016,3,全国大学英语四、六级考试大纲（2016年修订版）词表；★标为六级词。
converse,,,,cet6,official_syllabus_2016,3,全国大学英语四、六级考试大纲（2016年修订版）词表；★标为六级词。
convict,,,,cet6,official_syllabus_2016,3,全国大学英语四、六级考试大纲（2016年修订版）词表；★标为六级词。
convoy,,,,cet6,official_syllabus_2016,3,全国大学英语四、六级考试大纲（2016年修订版）词表；★标为六级词。
coral,,,,cet6,official_syllabus_2016,3,全国大学英语四、六级考试大纲（2016年修订版）词表；★标为六级词。
cordial,,,,cet6,official_syllabus_2016,3,全国大学英语四、六级考试大纲（2016年修订版）词表；★标为六级词。
cork,,,,cet6,official_syllabus_2016,3,全国大学英语四、六级考试大纲（2016年修订版）词表；★标为六级词。
corporal,,,,cet6,official_syllabus_2016,3,全国大学英语四、六级考试大纲（2016年修订版）词表；★标为六级词。
corpse,,,,cet6,official_syllabus_2016,3,全国大学英语四、六级考试大纲（2016年修订版）词表；★标为六级词。
correlate,,,,cet6,official_syllabus_2016,3,全国大学英语四、六级考试大纲（2016年修订版）词表；★标为六级词。
corrode,,,,cet6,official_syllabus_2016,3,全国大学英语四、六级考试大纲（2016年修订版）词表；★标为六级词。
cosmetic,,,,cet6,official_syllabus_2016,3,全国大学英语四、六级考试大纲（2016年修订版）词表；★标为六级词。
cosmopolitan,,,,cet6,official_syllabus_2016,3,全国大学英语四、六级考试大纲（2016年修订版）词表；★标为六级词。
counteract,,,,cet6,official_syllabus_2016,3,全国大学英语四、六级考试大纲（2016年修订版）词表；★标为六级词。
counterfeit,,,,cet6,official_syllabus_2016,3,全国大学英语四、六级考试大纲（2016年修订版）词表；★标为六级词。
coup(d'état),,,,cet6,official_syllabus_2016,3,全国大学英语四、六级考试大纲（2016年修订版）词表；★标为六级词。
courtesy,,,,cet6,official_syllabus_2016,3,全国大学英语四、六级考试大纲（2016年修订版）词表；★标为六级词。
crackdown,,,,cet6,official_syllabus_2016,3,全国大学英语四、六级考试大纲（2016年修订版）词表；★标为六级词。
cradle,,,,cet6,official_syllabus_2016,3,全国大学英语四、六级考试大纲（2016年修订版）词表；★标为六级词。
cram,,,,cet6,official_syllabus_2016,3,全国大学英语四、六级考试大纲（2016年修订版）词表；★标为六级词。
crate,,,,cet6,official_syllabus_2016,3,全国大学英语四、六级考试大纲（2016年修订版）词表；★标为六级词。
crave,,,,cet6,official_syllabus_2016,3,全国大学英语四、六级考试大纲（2016年修订版）词表；★标为六级词。
credential,,,,cet6,official_syllabus_2016,3,全国大学英语四、六级考试大纲（2016年修订版）词表；★标为六级词。
credible,,,,cet6,official_syllabus_2016,3,全国大学英语四、六级考试大纲（2016年修订版）词表；★标为六级词。
cricket,,,,cet6,official_syllabus_2016,3,全国大学英语四、六级考试大纲（2016年修订版）词表；★标为六级词。
cripple,,,,cet6,official_syllabus_2016,3,全国大学英语四、六级考试大纲（2016年修订版）词表；★标为六级词。
crisp,,,,cet6,official_syllabus_2016,3,全国大学英语四、六级考试大纲（2016年修订版）词表；★标为六级词。
crouch,,,,cet6,official_syllabus_2016,3,全国大学英语四、六级考试大纲（2016年修订版）词表；★标为六级词。
crow,,,,cet6,official_syllabus_2016,3,全国大学英语四、六级考试大纲（2016年修订版）词表；★标为六级词。
crude,,,,cet6,official_syllabus_2016,3,全国大学英语四、六级考试大纲（2016年修订版）词表；★标为六级词。
crumble,,,,cet6,official_syllabus_2016,3,全国大学英语四、六级考试大纲（2016年修订版）词表；★标为六级词。
crunch,,,,cet6,official_syllabus_2016,3,全国大学英语四、六级考试大纲（2016年修订版）词表；★标为六级词。
crust,,,,cet6,official_syllabus_2016,3,全国大学英语四、六级考试大纲（2016年修订版）词表；★标为六级词。
cub,,,,cet6,official_syllabus_2016,3,全国大学英语四、六级考试大纲（2016年修订版）词表；★标为六级词。
cuisine,,,,cet6,official_syllabus_2016,3,全国大学英语四、六级考试大纲（2016年修订版）词表；★标为六级词。
culminate,,,,cet6,official_syllabus_2016,3,全国大学英语四、六级考试大纲（2016年修订版）词表；★标为六级词。
cult,,,,cet6,official_syllabus_2016,3,全国大学英语四、六级考试大纲（2016年修订版）词表；★标为六级词。
cumulative,,,,cet6,official_syllabus_2016,3,全国大学英语四、六级考试大纲（2016年修订版）词表；★标为六级词。
cunning,,,,cet6,official_syllabus_2016,3,全国大学英语四、六级考试大纲（2016年修订版）词表；★标为六级词。
curfew,,,,cet6,official_syllabus_2016,3,全国大学英语四、六级考试大纲（2016年修订版）词表；★标为六级词。
curtail,,,,cet6,official_syllabus_2016,3,全国大学英语四、六级考试大纲（2016年修订版）词表；★标为六级词。
custody,,,,cet6,official_syllabus_2016,3,全国大学英语四、六级考试大纲（2016年修订版）词表；★标为六级词。
cylinder,,,,cet6,official_syllabus_2016,3,全国大学英语四、六级考试大纲（2016年修订版）词表；★标为六级词。
cynical,,,,cet6,official_syllabus_2016,3,全国大学英语四、六级考试大纲（2016年修订版）词表；★标为六级词。
dart,,,,cet6,official_syllabus_2016,3,全国大学英语四、六级考试大纲（2016年修订版）词表；★标为六级词。
dazzle,,,,cet6,official_syllabus_2016,3,全国大学英语四、六级考试大纲（2016年修订版）词表；★标为六级词。
deadlock,,,,cet6,official_syllabus_2016,3,全国大学英语四、六级考试大纲（2016年修订版）词表；★标为六级词。
debris,,,,cet6,official_syllabus_2016,3,全国大学英语四、六级考试大纲（2016年修订版）词表；★标为六级词。
debut,,,,cet6,official_syllabus_2016,3,全国大学英语四、六级考试大纲（2016年修订版）词表；★标为六级词。
decimal,,,,cet6,official_syllabus_2016,3,全国大学英语四、六级考试大纲（2016年修订版）词表；★标为六级词。
decree,,,,cet6,official_syllabus_2016,3,全国大学英语四、六级考试大纲（2016年修订版）词表；★标为六级词。
dedicate,,,,cet6,official_syllabus_2016,3,全国大学英语四、六级考试大纲（2016年修订版）词表；★标为六级词。
deduce,,,,cet6,official_syllabus_2016,3,全国大学英语四、六级考试大纲（2016年修订版）词表；★标为六级词。
deduct,,,,cet6,official_syllabus_2016,3,全国大学英语四、六级考试大纲（2016年修订版）词表；★标为六级词。
default,,,,cet6,official_syllabus_2016,3,全国大学英语四、六级考试大纲（2016年修订版）词表；★标为六级词。
defer,,,,cet6,official_syllabus_2016,3,全国大学英语四、六级考试大纲（2016年修订版）词表；★标为六级词。
degenerate,,,,cet6,official_syllabus_2016,3,全国大学英语四、六级考试大纲（2016年修订版）词表；★标为六级词。
degrade,,,,cet6,official_syllabus_2016,3,全国大学英语四、六级考试大纲（2016年修订版）词表；★标为六级词。
delicacy,,,,cet6,official_syllabus_2016,3,全国大学英语四、六级考试大纲（2016年修订版）词表；★标为六级词。
delude,,,,cet6,official_syllabus_2016,3,全国大学英语四、六级考试大纲（2016年修订版）词表；★标为六级词。
demographic,,,,cet6,official_syllabus_2016,3,全国大学英语四、六级考试大纲（2016年修订版）词表；★标为六级词。
denote,,,,cet6,official_syllabus_2016,3,全国大学英语四、六级考试大纲（2016年修订版）词表；★标为六级词。
denounce,,,,cet6,official_syllabus_2016,3,全国大学英语四、六级考试大纲（2016年修订版）词表；★标为六级词。
depict,,,,cet6,official_syllabus_2016,3,全国大学英语四、六级考试大纲（2016年修订版）词表；★标为六级词。
deplete,,,,cet6,official_syllabus_2016,3,全国大学英语四、六级考试大纲（2016年修订版）词表；★标为六级词。
deplore,,,,cet6,official_syllabus_2016,3,全国大学英语四、六级考试大纲（2016年修订版）词表；★标为六级词。
deploy,,,,cet6,official_syllabus_2016,3,全国大学英语四、六级考试大纲（2016年修订版）词表；★标为六级词。
deport,,,,cet6,official_syllabus_2016,3,全国大学英语四、六级考试大纲（2016年修订版）词表；★标为六级词。
depot,,,,cet6,official_syllabus_2016,3,全国大学英语四、六级考试大纲（2016年修订版）词表；★标为六级词。
depreciate,,,,cet6,official_syllabus_2016,3,全国大学英语四、六级考试大纲（2016年修订版）词表；★标为六级词。
derail,,,,cet6,official_syllabus_2016,3,全国大学英语四、六级考试大纲（2016年修订版）词表；★标为六级词。
deregulate,,,,cet6,official_syllabus_2016,3,全国大学英语四、六级考试大纲（2016年修订版）词表；★标为六级词。
designate,,,,cet6,official_syllabus_2016,3,全国大学英语四、六级考试大纲（2016年修订版）词表；★标为六级词。
desolate,,,,cet6,official_syllabus_2016,3,全国大学英语四、六级考试大纲（2016年修订版）词表；★标为六级词。
despise,,,,cet6,official_syllabus_2016,3,全国大学英语四、六级考试大纲（2016年修订版）词表；★标为六级词。
destiny,,,,cet6,official_syllabus_2016,3,全国大学英语四、六级考试大纲（2016年修订版）词表；★标为六级词。
detach,,,,cet6,official_syllabus_2016,3,全国大学英语四、六级考试大纲（2016年修订版）词表；★标为六级词。
detain,,,,cet6,official_syllabus_2016,3,全国大学英语四、六级考试大纲（2016年修订版）词表；★标为六级词。
deter,,,,cet6,official_syllabus_2016,3,全国大学英语四、六级考试大纲（2016年修订版）词表；★标为六级词。
detergent,,,,cet6,official_syllabus_2016,3,全国大学英语四、六级考试大纲（2016年修订版）词表；★标为六级词。
detriment,,,,cet6,official_syllabus_2016,3,全国大学英语四、六级考试大纲（2016年修订版）词表；★标为六级词。
devastate,,,,cet6,official_syllabus_2016,3,全国大学英语四、六级考试大纲（2016年修订版）词表；★标为六级词。
deviate,,,,cet6,official_syllabus_2016,3,全国大学英语四、六级考试大纲（2016年修订版）词表；★标为六级词。
devour,,,,cet6,official_syllabus_2016,3,全国大学英语四、六级考试大纲（2016年修订版）词表；★标为六级词。
diesel,,,,cet6,official_syllabus_2016,3,全国大学英语四、六级考试大纲（2016年修订版）词表；★标为六级词。
differentiate,,,,cet6,official_syllabus_2016,3,全国大学英语四、六级考试大纲（2016年修订版）词表；★标为六级词。
diffuse,,,,cet6,official_syllabus_2016,3,全国大学英语四、六级考试大纲（2016年修订版）词表；★标为六级词。
dilute,,,,cet6,official_syllabus_2016,3,全国大学英语四、六级考试大纲（2016年修订版）词表；★标为六级词。
diminish,,,,cet6,official_syllabus_2016,3,全国大学英语四、六级考试大纲（2016年修订版）词表；★标为六级词。
dinosaur,,,,cet6,official_syllabus_2016,3,全国大学英语四、六级考试大纲（2016年修订版）词表；★标为六级词。
directory,,,,cet6,official_syllabus_2016,3,全国大学英语四、六级考试大纲（2016年修订版）词表；★标为六级词。
disarm,,,,cet6,official_syllabus_2016,3,全国大学英语四、六级考试大纲（2016年修订版）词表；★标为六级词。
discern,,,,cet6,official_syllabus_2016,3,全国大学英语四、六级考试大纲（2016年修订版）词表；★标为六级词。
disclose,,,,cet6,official_syllabus_2016,3,全国大学英语四、六级考试大纲（2016年修订版）词表；★标为六级词。
discord,,,,cet6,official_syllabus_2016,3,全国大学英语四、六级考试大纲（2016年修订版）词表；★标为六级词。
discourse,,,,cet6,official_syllabus_2016,3,全国大学英语四、六级考试大纲（2016年修订版）词表；★标为六级词。
discreet,,,,cet6,official_syllabus_2016,3,全国大学英语四、六级考试大纲（2016年修订版）词表；★标为六级词。
discrepancy,,,,cet6,official_syllabus_2016,3,全国大学英语四、六级考试大纲（2016年修订版）词表；★标为六级词。
dismantle,,,,cet6,official_syllabus_2016,3,全国大学英语四、六级考试大纲（2016年修订版）词表；★标为六级词。
dismay,,,,cet6,official_syllabus_2016,3,全国大学英语四、六级考试大纲（2016年修订版）词表；★标为六级词。
dispatch/despatch,,,,cet6,official_syllabus_2016,3,全国大学英语四、六级考试大纲（2016年修订版）词表；★标为六级词。
dispense,,,,cet6,official_syllabus_2016,3,全国大学英语四、六级考试大纲（2016年修订版）词表；★标为六级词。
disperse,,,,cet6,official_syllabus_2016,3,全国大学英语四、六级考试大纲（2016年修订版）词表；★标为六级词。
displace,,,,cet6,official_syllabus_2016,3,全国大学英语四、六级考试大纲（2016年修订版）词表；★标为六级词。
disposition,,,,cet6,official_syllabus_2016,3,全国大学英语四、六级考试大纲（2016年修订版）词表；★标为六级词。
disregard,,,,cet6,official_syllabus_2016,3,全国大学英语四、六级考试大纲（2016年修订版）词表；★标为六级词。
dissent,,,,cet6,official_syllabus_2016,3,全国大学英语四、六级考试大纲（2016年修订版）词表；★标为六级词。
dissertation,,,,cet6,official_syllabus_2016,3,全国大学英语四、六级考试大纲（2016年修订版）词表；★标为六级词。
dissident,,,,cet6,official_syllabus_2016,3,全国大学英语四、六级考试大纲（2016年修订版）词表；★标为六级词。
distil(l),,,,cet6,official_syllabus_2016,3,全国大学英语四、六级考试大纲（2016年修订版）词表；★标为六级词。
distort,,,,cet6,official_syllabus_2016,3,全国大学英语四、六级考试大纲（2016年修订版）词表；★标为六级词。
divert,,,,cet6,official_syllabus_2016,3,全国大学英语四、六级考试大纲（2016年修订版）词表；★标为六级词。
dividend,,,,cet6,official_syllabus_2016,3,全国大学英语四、六级考试大纲（2016年修订版）词表；★标为六级词。
divine,,,,cet6,official_syllabus_2016,3,全国大学英语四、六级考试大纲（2016年修订版）词表；★标为六级词。
doctrine,,,,cet6,official_syllabus_2016,3,全国大学英语四、六级考试大纲（2016年修订版）词表；★标为六级词。
dodge,,,,cet6,official_syllabus_2016,3,全国大学英语四、六级考试大纲（2016年修订版）词表；★标为六级词。
dogma,,,,cet6,official_syllabus_2016,3,全国大学英语四、六级考试大纲（2016年修订版）词表；★标为六级词。
dole,,,,cet6,official_syllabus_2016,3,全国大学英语四、六级考试大纲（2016年修订版）词表；★标为六级词。
domain,,,,cet6,official_syllabus_2016,3,全国大学英语四、六级考试大纲（2016年修订版）词表；★标为六级词。
dome,,,,cet6,official_syllabus_2016,3,全国大学英语四、六级考试大纲（2016年修订版）词表；★标为六级词。
dough,,,,cet6,official_syllabus_2016,3,全国大学英语四、六级考试大纲（2016年修订版）词表；★标为六级词。
downgrade,,,,cet6,official_syllabus_2016,3,全国大学英语四、六级考试大纲（2016年修订版）词表；★标为六级词。
doze,,,,cet6,official_syllabus_2016,3,全国大学英语四、六级考试大纲（2016年修订版）词表；★标为六级词。
drawback,,,,cet6,official_syllabus_2016,3,全国大学英语四、六级考试大纲（2016年修订版）词表；★标为六级词。
dread,,,,cet6,official_syllabus_2016,3,全国大学英语四、六级考试大纲（2016年修订版）词表；★标为六级词。
dressing,,,,cet6,official_syllabus_2016,3,全国大学英语四、六级考试大纲（2016年修订版）词表；★标为六级词。
dub,,,,cet6,official_syllabus_2016,3,全国大学英语四、六级考试大纲（2016年修订版）词表；★标为六级词。
dubious,,,,cet6,official_syllabus_2016,3,全国大学英语四、六级考试大纲（2016年修订版）词表；★标为六级词。
duplicate,,,,cet6,official_syllabus_2016,3,全国大学英语四、六级考试大纲（2016年修订版）词表；★标为六级词。
dwarf,,,,cet6,official_syllabus_2016,3,全国大学英语四、六级考试大纲（2016年修订版）词表；★标为六级词。
dwell,,,,cet6,official_syllabus_2016,3,全国大学英语四、六级考试大纲（2016年修订版）词表；★标为六级词。
Easter,,,,cet6,official_syllabus_2016,3,全国大学英语四、六级考试大纲（2016年修订版）词表；★标为六级词。
eccentric,,,,cet6,official_syllabus_2016,3,全国大学英语四、六级考试大纲（2016年修订版）词表；★标为六级词。
eclipse,,,,cet6,official_syllabus_2016,3,全国大学英语四、六级考试大纲（2016年修订版）词表；★标为六级词。
ecosystem,,,,cet6,official_syllabus_2016,3,全国大学英语四、六级考试大纲（2016年修订版）词表；★标为六级词。
edible,,,,cet6,official_syllabus_2016,3,全国大学英语四、六级考试大纲（2016年修订版）词表；★标为六级词。
ego,,,,cet6,official_syllabus_2016,3,全国大学英语四、六级考试大纲（2016年修订版）词表；★标为六级词。
eject,,,,cet6,official_syllabus_2016,3,全国大学英语四、六级考试大纲（2016年修订版）词表；★标为六级词。
elaborate,,,,cet6,official_syllabus_2016,3,全国大学英语四、六级考试大纲（2016年修订版）词表；★标为六级词。
elapse,,,,cet6,official_syllabus_2016,3,全国大学英语四、六级考试大纲（2016年修订版）词表；★标为六级词。
elastic,,,,cet6,official_syllabus_2016,3,全国大学英语四、六级考试大纲（2016年修订版）词表；★标为六级词。
electoral,,,,cet6,official_syllabus_2016,3,全国大学英语四、六级考试大纲（2016年修订版）词表；★标为六级词。
elicit,,,,cet6,official_syllabus_2016,3,全国大学英语四、六级考试大纲（2016年修订版）词表；★标为六级词。
eligible,,,,cet6,official_syllabus_2016,3,全国大学英语四、六级考试大纲（2016年修订版）词表；★标为六级词。
eloquent,,,,cet6,official_syllabus_2016,3,全国大学英语四、六级考试大纲（2016年修订版）词表；★标为六级词。
emancipate,,,,cet6,official_syllabus_2016,3,全国大学英语四、六级考试大纲（2016年修订版）词表；★标为六级词。
embargo,,,,cet6,official_syllabus_2016,3,全国大学英语四、六级考试大纲（2016年修订版）词表；★标为六级词。
embark,,,,cet6,official_syllabus_2016,3,全国大学英语四、六级考试大纲（2016年修订版）词表；★标为六级词。
embed,,,,cet6,official_syllabus_2016,3,全国大学英语四、六级考试大纲（2016年修订版）词表；★标为六级词。
embody,,,,cet6,official_syllabus_2016,3,全国大学英语四、六级考试大纲（2016年修订版）词表；★标为六级词。
embroidery,,,,cet6,official_syllabus_2016,3,全国大学英语四、六级考试大纲（2016年修订版）词表；★标为六级词。
emigrate,,,,cet6,official_syllabus_2016,3,全国大学英语四、六级考试大纲（2016年修订版）词表；★标为六级词。
eminent,,,,cet6,official_syllabus_2016,3,全国大学英语四、六级考试大纲（2016年修订版）词表；★标为六级词。
empirical,,,,cet6,official_syllabus_2016,3,全国大学英语四、六级考试大纲（2016年修订版）词表；★标为六级词。
emulate,,,,cet6,official_syllabus_2016,3,全国大学英语四、六级考试大纲（2016年修订版）词表；★标为六级词。
enact,,,,cet6,official_syllabus_2016,3,全国大学英语四、六级考试大纲（2016年修订版）词表；★标为六级词。
enclose,,,,cet6,official_syllabus_2016,3,全国大学英语四、六级考试大纲（2016年修订版）词表；★标为六级词。
encyclop(a)edia,,,,cet6,official_syllabus_2016,3,全国大学英语四、六级考试大纲（2016年修订版）词表；★标为六级词。
endeavo(u)r,,,,cet6,official_syllabus_2016,3,全国大学英语四、六级考试大纲（2016年修订版）词表；★标为六级词。
endorse,,,,cet6,official_syllabus_2016,3,全国大学英语四、六级考试大纲（2016年修订版）词表；★标为六级词。
endow,,,,cet6,official_syllabus_2016,3,全国大学英语四、六级考试大纲（2016年修订版）词表；★标为六级词。
enlist,,,,cet6,official_syllabus_2016,3,全国大学英语四、六级考试大纲（2016年修订版）词表；★标为六级词。
ensue,,,,cet6,official_syllabus_2016,3,全国大学英语四、六级考试大纲（2016年修订版）词表；★标为六级词。
entail,,,,cet6,official_syllabus_2016,3,全国大学英语四、六级考试大纲（2016年修订版）词表；★标为六级词。
entity,,,,cet6,official_syllabus_2016,3,全国大学英语四、六级考试大纲（2016年修订版）词表；★标为六级词。
entrust,,,,cet6,official_syllabus_2016,3,全国大学英语四、六级考试大纲（2016年修订版）词表；★标为六级词。
envelop,,,,cet6,official_syllabus_2016,3,全国大学英语四、六级考试大纲（2016年修订版）词表；★标为六级词。
envisage,,,,cet6,official_syllabus_2016,3,全国大学英语四、六级考试大纲（2016年修订版）词表；★标为六级词。
envoy,,,,cet6,official_syllabus_2016,3,全国大学英语四、六级考试大纲（2016年修订版）词表；★标为六级词。
epic,,,,cet6,official_syllabus_2016,3,全国大学英语四、六级考试大纲（2016年修订版）词表；★标为六级词。
epidemic,,,,cet6,official_syllabus_2016,3,全国大学英语四、六级考试大纲（2016年修订版）词表；★标为六级词。
epoch,,,,cet6,official_syllabus_2016,3,全国大学英语四、六级考试大纲（2016年修订版）词表；★标为六级词。
equate,,,,cet6,official_syllabus_2016,3,全国大学英语四、六级考试大纲（2016年修订版）词表；★标为六级词。
equator,,,,cet6,official_syllabus_2016,3,全国大学英语四、六级考试大纲（2016年修订版）词表；★标为六级词。
equity,,,,cet6,official_syllabus_2016,3,全国大学英语四、六级考试大纲（2016年修订版）词表；★标为六级词。
eradicate,,,,cet6,official_syllabus_2016,3,全国大学英语四、六级考试大纲（2016年修订版）词表；★标为六级词。
erect,,,,cet6,official_syllabus_2016,3,全国大学英语四、六级考试大纲（2016年修订版）词表；★标为六级词。
erode,,,,cet6,official_syllabus_2016,3,全国大学英语四、六级考试大纲（2016年修订版）词表；★标为六级词。
errand,,,,cet6,official_syllabus_2016,3,全国大学英语四、六级考试大纲（2016年修订版）词表；★标为六级词。
erupt,,,,cet6,official_syllabus_2016,3,全国大学英语四、六级考试大纲（2016年修订版）词表；★标为六级词。
escalate,,,,cet6,official_syllabus_2016,3,全国大学英语四、六级考试大纲（2016年修订版）词表；★标为六级词。
escort,,,,cet6,official_syllabus_2016,3,全国大学英语四、六级考试大纲（2016年修订版）词表；★标为六级词。
esteem,,,,cet6,official_syllabus_2016,3,全国大学英语四、六级考试大纲（2016年修订版）词表；★标为六级词。
esthetic/aesthetic esthetics/aesthetics,,,,cet6,official_syllabus_2016,3,全国大学英语四、六级考试大纲（2016年修订版）词表；★标为六级词。
etiquette,,,,cet6,official_syllabus_2016,3,全国大学英语四、六级考试大纲（2016年修订版）词表；★标为六级词。
evacuate,,,,cet6,official_syllabus_2016,3,全国大学英语四、六级考试大纲（2016年修订版）词表；★标为六级词。
evade,,,,cet6,official_syllabus_2016,3,全国大学英语四、六级考试大纲（2016年修订版）词表；★标为六级词。
evaporate,,,,cet6,official_syllabus_2016,3,全国大学英语四、六级考试大纲（2016年修订版）词表；★标为六级词。
evoke,,,,cet6,official_syllabus_2016,3,全国大学英语四、六级考试大纲（2016年修订版）词表；★标为六级词。
excerpt,,,,cet6,official_syllabus_2016,3,全国大学英语四、六级考试大纲（2016年修订版）词表；★标为六级词。
exempt,,,,cet6,official_syllabus_2016,3,全国大学英语四、六级考试大纲（2016年修订版）词表；★标为六级词。
exotic,,,,cet6,official_syllabus_2016,3,全国大学英语四、六级考试大纲（2016年修订版）词表；★标为六级词。
expedition,,,,cet6,official_syllabus_2016,3,全国大学英语四、六级考试大纲（2016年修订版）词表；★标为六级词。
expire,,,,cet6,official_syllabus_2016,3,全国大学英语四、六级考试大纲（2016年修订版）词表；★标为六级词。
exponent,,,,cet6,official_syllabus_2016,3,全国大学英语四、六级考试大纲（2016年修订版）词表；★标为六级词。
exposition,,,,cet6,official_syllabus_2016,3,全国大学英语四、六级考试大纲（2016年修订版）词表；★标为六级词。
exquisite,,,,cet6,official_syllabus_2016,3,全国大学英语四、六级考试大纲（2016年修订版）词表；★标为六级词。
extinct,,,,cet6,official_syllabus_2016,3,全国大学英语四、六级考试大纲（2016年修订版）词表；★标为六级词。
extract,,,,cet6,official_syllabus_2016,3,全国大学英语四、六级考试大纲（2016年修订版）词表；★标为六级词。
extravagant,,,,cet6,official_syllabus_2016,3,全国大学英语四、六级考试大纲（2016年修订版）词表；★标为六级词。
fabricate,,,,cet6,official_syllabus_2016,3,全国大学英语四、六级考试大纲（2016年修订版）词表；★标为六级词。
fabulous,,,,cet6,official_syllabus_2016,3,全国大学英语四、六级考试大纲（2016年修订版）词表；★标为六级词。
facet,,,,cet6,official_syllabus_2016,3,全国大学英语四、六级考试大纲（2016年修订版）词表；★标为六级词。
faction,,,,cet6,official_syllabus_2016,3,全国大学英语四、六级考试大纲（2016年修订版）词表；★标为六级词。
fascist,,,,cet6,official_syllabus_2016,3,全国大学英语四、六级考试大纲（2016年修订版）词表；★标为六级词。
feast,,,,cet6,official_syllabus_2016,3,全国大学英语四、六级考试大纲（2016年修订版）词表；★标为六级词。
feat,,,,cet6,official_syllabus_2016,3,全国大学英语四、六级考试大纲（2016年修订版）词表；★标为六级词。
feeble,,,,cet6,official_syllabus_2016,3,全国大学英语四、六级考试大纲（2016年修订版）词表；★标为六级词。
feminine,,,,cet6,official_syllabus_2016,3,全国大学英语四、六级考试大纲（2016年修订版）词表；★标为六级词。
finite,,,,cet6,official_syllabus_2016,3,全国大学英语四、六级考试大纲（2016年修订版）词表；★标为六级词。
fiscal,,,,cet6,official_syllabus_2016,3,全国大学英语四、六级考试大纲（2016年修订版）词表；★标为六级词。
flank,,,,cet6,official_syllabus_2016,3,全国大学英语四、六级考试大纲（2016年修订版）词表；★标为六级词。
flap,,,,cet6,official_syllabus_2016,3,全国大学英语四、六级考试大纲（2016年修订版）词表；★标为六级词。
flare,,,,cet6,official_syllabus_2016,3,全国大学英语四、六级考试大纲（2016年修订版）词表；★标为六级词。
flatter,,,,cet6,official_syllabus_2016,3,全国大学英语四、六级考试大纲（2016年修订版）词表；★标为六级词。
fling,,,,cet6,official_syllabus_2016,3,全国大学英语四、六级考试大纲（2016年修订版）词表；★标为六级词。
flip,,,,cet6,official_syllabus_2016,3,全国大学英语四、六级考试大纲（2016年修订版）词表；★标为六级词。
flirt,,,,cet6,official_syllabus_2016,3,全国大学英语四、六级考试大纲（2016年修订版）词表；★标为六级词。
flush,,,,cet6,official_syllabus_2016,3,全国大学英语四、六级考试大纲（2016年修订版）词表；★标为六级词。
flutter,,,,cet6,official_syllabus_2016,3,全国大学英语四、六级考试大纲（2016年修订版）词表；★标为六级词。
foam,,,,cet6,official_syllabus_2016,3,全国大学英语四、六级考试大纲（2016年修订版）词表；★标为六级词。
foe,,,,cet6,official_syllabus_2016,3,全国大学英语四、六级考试大纲（2016年修订版）词表；★标为六级词。
foil,,,,cet6,official_syllabus_2016,3,全国大学英语四、六级考试大纲（2016年修订版）词表；★标为六级词。
folklore,,,,cet6,official_syllabus_2016,3,全国大学英语四、六级考试大纲（2016年修订版）词表；★标为六级词。
foretell,,,,cet6,official_syllabus_2016,3,全国大学英语四、六级考试大纲（2016年修订版）词表；★标为六级词。
forfeit,,,,cet6,official_syllabus_2016,3,全国大学英语四、六级考试大纲（2016年修订版）词表；★标为六级词。
formidable,,,,cet6,official_syllabus_2016,3,全国大学英语四、六级考试大纲（2016年修订版）词表；★标为六级词。
fort,,,,cet6,official_syllabus_2016,3,全国大学英语四、六级考试大纲（2016年修订版）词表；★标为六级词。
fortify,,,,cet6,official_syllabus_2016,3,全国大学英语四、六级考试大纲（2016年修订版）词表；★标为六级词。
fortnight,,,,cet6,official_syllabus_2016,3,全国大学英语四、六级考试大纲（2016年修订版）词表；★标为六级词。
foster,,,,cet6,official_syllabus_2016,3,全国大学英语四、六级考试大纲（2016年修订版）词表；★标为六级词。
foul,,,,cet6,official_syllabus_2016,3,全国大学英语四、六级考试大纲（2016年修订版）词表；★标为六级词。
fracture,,,,cet6,official_syllabus_2016,3,全国大学英语四、六级考试大纲（2016年修订版）词表；★标为六级词。
fragile,,,,cet6,official_syllabus_2016,3,全国大学英语四、六级考试大纲（2016年修订版）词表；★标为六级词。
fragrant,,,,cet6,official_syllabus_2016,3,全国大学英语四、六级考试大纲（2016年修订版）词表；★标为六级词。
franchise,,,,cet6,official_syllabus_2016,3,全国大学英语四、六级考试大纲（2016年修订版）词表；★标为六级词。
frantic,,,,cet6,official_syllabus_2016,3,全国大学英语四、六级考试大纲（2016年修订版）词表；★标为六级词。
fraud,,,,cet6,official_syllabus_2016,3,全国大学英语四、六级考试大纲（2016年修订版）词表；★标为六级词。
friction,,,,cet6,official_syllabus_2016,3,全国大学英语四、六级考试大纲（2016年修订版）词表；★标为六级词。
fringe,,,,cet6,official_syllabus_2016,3,全国大学英语四、六级考试大纲（2016年修订版）词表；★标为六级词。
frown,,,,cet6,official_syllabus_2016,3,全国大学英语四、六级考试大纲（2016年修订版）词表；★标为六级词。
fury,,,,cet6,official_syllabus_2016,3,全国大学英语四、六级考试大纲（2016年修订版）词表；★标为六级词。
fuse,,,,cet6,official_syllabus_2016,3,全国大学英语四、六级考试大纲（2016年修订版）词表；★标为六级词。
fusion,,,,cet6,official_syllabus_2016,3,全国大学英语四、六级考试大纲（2016年修订版）词表；★标为六级词。
futile,,,,cet6,official_syllabus_2016,3,全国大学英语四、六级考试大纲（2016年修订版）词表；★标为六级词。
galaxy,,,,cet6,official_syllabus_2016,3,全国大学英语四、六级考试大纲（2016年修订版）词表；★标为六级词。
garlic,,,,cet6,official_syllabus_2016,3,全国大学英语四、六级考试大纲（2016年修订版）词表；★标为六级词。
gasp,,,,cet6,official_syllabus_2016,3,全国大学英语四、六级考试大纲（2016年修订版）词表；★标为六级词。
gauge,,,,cet6,official_syllabus_2016,3,全国大学英语四、六级考试大纲（2016年修订版）词表；★标为六级词。
genre,,,,cet6,official_syllabus_2016,3,全国大学英语四、六级考试大纲（2016年修订版）词表；★标为六级词。
giggle,,,,cet6,official_syllabus_2016,3,全国大学英语四、六级考试大纲（2016年修订版）词表；★标为六级词。
glacier,,,,cet6,official_syllabus_2016,3,全国大学英语四、六级考试大纲（2016年修订版）词表；★标为六级词。
glamo(u)r,,,,cet6,official_syllabus_2016,3,全国大学英语四、六级考试大纲（2016年修订版）词表；★标为六级词。
gland,,,,cet6,official_syllabus_2016,3,全国大学英语四、六级考试大纲（2016年修订版）词表；★标为六级词。
glare,,,,cet6,official_syllabus_2016,3,全国大学英语四、六级考试大纲（2016年修订版）词表；★标为六级词。
gleam,,,,cet6,official_syllabus_2016,3,全国大学英语四、六级考试大纲（2016年修订版）词表；★标为六级词。
glide,,,,cet6,official_syllabus_2016,3,全国大学英语四、六级考试大纲（2016年修订版）词表；★标为六级词。
glitter,,,,cet6,official_syllabus_2016,3,全国大学英语四、六级考试大纲（2016年修订版）词表；★标为六级词。
glossary,,,,cet6,official_syllabus_2016,3,全国大学英语四、六级考试大纲（2016年修订版）词表；★标为六级词。
gorge,,,,cet6,official_syllabus_2016,3,全国大学英语四、六级考试大纲（2016年修订版）词表；★标为六级词。
gospel,,,,cet6,official_syllabus_2016,3,全国大学英语四、六级考试大纲（2016年修订版）词表；★标为六级词。
graze,,,,cet6,official_syllabus_2016,3,全国大学英语四、六级考试大纲（2016年修订版）词表；★标为六级词。
grease,,,,cet6,official_syllabus_2016,3,全国大学英语四、六级考试大纲（2016年修订版）词表；★标为六级词。
greed,,,,cet6,official_syllabus_2016,3,全国大学英语四、六级考试大纲（2016年修订版）词表；★标为六级词。
grid,,,,cet6,official_syllabus_2016,3,全国大学英语四、六级考试大纲（2016年修订版）词表；★标为六级词。
grill,,,,cet6,official_syllabus_2016,3,全国大学英语四、六级考试大纲（2016年修订版）词表；★标为六级词。
grim,,,,cet6,official_syllabus_2016,3,全国大学英语四、六级考试大纲（2016年修订版）词表；★标为六级词。
groan,,,,cet6,official_syllabus_2016,3,全国大学英语四、六级考试大纲（2016年修订版）词表；★标为六级词。
groove,,,,cet6,official_syllabus_2016,3,全国大学英语四、六级考试大纲（2016年修订版）词表；★标为六级词。
grope,,,,cet6,official_syllabus_2016,3,全国大学英语四、六级考试大纲（2016年修订版）词表；★标为六级词。
hamper,,,,cet6,official_syllabus_2016,3,全国大学英语四、六级考试大纲（2016年修订版）词表；★标为六级词。
handicraft,,,,cet6,official_syllabus_2016,3,全国大学英语四、六级考试大纲（2016年修订版）词表；★标为六级词。
harass,,,,cet6,official_syllabus_2016,3,全国大学英语四、六级考试大纲（2016年修订版）词表；★标为六级词。
hardy,,,,cet6,official_syllabus_2016,3,全国大学英语四、六级考试大纲（2016年修订版）词表；★标为六级词。
haven,,,,cet6,official_syllabus_2016,3,全国大学英语四、六级考试大纲（2016年修订版）词表；★标为六级词。
havoc,,,,cet6,official_syllabus_2016,3,全国大学英语四、六级考试大纲（2016年修订版）词表；★标为六级词。
hawk,,,,cet6,official_syllabus_2016,3,全国大学英语四、六级考试大纲（2016年修订版）词表；★标为六级词。
heave,,,,cet6,official_syllabus_2016,3,全国大学英语四、六级考试大纲（2016年修订版）词表；★标为六级词。
hectic,,,,cet6,official_syllabus_2016,3,全国大学英语四、六级考试大纲（2016年修订版）词表；★标为六级词。
helmet,,,,cet6,official_syllabus_2016,3,全国大学英语四、六级考试大纲（2016年修订版）词表；★标为六级词。
hemisphere,,,,cet6,official_syllabus_2016,3,全国大学英语四、六级考试大纲（2016年修订版）词表；★标为六级词。
henceforth,,,,cet6,official_syllabus_2016,3,全国大学英语四、六级考试大纲（2016年修订版）词表；★标为六级词。
herald,,,,cet6,official_syllabus_2016,3,全国大学英语四、六级考试大纲（2016年修订版）词表；★标为六级词。
herb,,,,cet6,official_syllabus_2016,3,全国大学英语四、六级考试大纲（2016年修订版）词表；★标为六级词。
heroin,,,,cet6,official_syllabus_2016,3,全国大学英语四、六级考试大纲（2016年修订版）词表；★标为六级词。
hibernate,,,,cet6,official_syllabus_2016,3,全国大学英语四、六级考试大纲（2016年修订版）词表；★标为六级词。
hierarchy,,,,cet6,official_syllabus_2016,3,全国大学英语四、六级考试大纲（2016年修订版）词表；★标为六级词。
hike,,,,cet6,official_syllabus_2016,3,全国大学英语四、六级考试大纲（2016年修订版）词表；★标为六级词。
hinge,,,,cet6,official_syllabus_2016,3,全国大学英语四、六级考试大纲（2016年修订版）词表；★标为六级词。
hitherto,,,,cet6,official_syllabus_2016,3,全国大学英语四、六级考试大纲（2016年修订版）词表；★标为六级词。
hive,,,,cet6,official_syllabus_2016,3,全国大学英语四、六级考试大纲（2016年修订版）词表；★标为六级词。
hockey,,,,cet6,official_syllabus_2016,3,全国大学英语四、六级考试大纲（2016年修订版）词表；★标为六级词。
hoist,,,,cet6,official_syllabus_2016,3,全国大学英语四、六级考试大纲（2016年修订版）词表；★标为六级词。
homogeneous,,,,cet6,official_syllabus_2016,3,全国大学英语四、六级考试大纲（2016年修订版）词表；★标为六级词。
hop,,,,cet6,official_syllabus_2016,3,全国大学英语四、六级考试大纲（2016年修订版）词表；★标为六级词。
hose,,,,cet6,official_syllabus_2016,3,全国大学英语四、六级考试大纲（2016年修订版）词表；★标为六级词。
hostage,,,,cet6,official_syllabus_2016,3,全国大学英语四、六级考试大纲（2016年修订版）词表；★标为六级词。
hound,,,,cet6,official_syllabus_2016,3,全国大学英语四、六级考试大纲（2016年修订版）词表；★标为六级词。
hover,,,,cet6,official_syllabus_2016,3,全国大学英语四、六级考试大纲（2016年修订版）词表；★标为六级词。
howl,,,,cet6,official_syllabus_2016,3,全国大学英语四、六级考试大纲（2016年修订版）词表；★标为六级词。
huddle,,,,cet6,official_syllabus_2016,3,全国大学英语四、六级考试大纲（2016年修订版）词表；★标为六级词。
hum,,,,cet6,official_syllabus_2016,3,全国大学英语四、六级考试大纲（2016年修订版）词表；★标为六级词。
humane,,,,cet6,official_syllabus_2016,3,全国大学英语四、六级考试大纲（2016年修订版）词表；★标为六级词。
humid,,,,cet6,official_syllabus_2016,3,全国大学英语四、六级考试大纲（2016年修订版）词表；★标为六级词。
humiliate,,,,cet6,official_syllabus_2016,3,全国大学英语四、六级考试大纲（2016年修订版）词表；★标为六级词。
hurdle,,,,cet6,official_syllabus_2016,3,全国大学英语四、六级考试大纲（2016年修订版）词表；★标为六级词。
hurl,,,,cet6,official_syllabus_2016,3,全国大学英语四、六级考试大纲（2016年修订版）词表；★标为六级词。
hurricane,,,,cet6,official_syllabus_2016,3,全国大学英语四、六级考试大纲（2016年修订版）词表；★标为六级词。
hybrid,,,,cet6,official_syllabus_2016,3,全国大学英语四、六级考试大纲（2016年修订版）词表；★标为六级词。
hygiene,,,,cet6,official_syllabus_2016,3,全国大学英语四、六级考试大纲（2016年修订版）词表；★标为六级词。
hypocrisy,,,,cet6,official_syllabus_2016,3,全国大学英语四、六级考试大纲（2016年修订版）词表；★标为六级词。
hypothesis,,,,cet6,official_syllabus_2016,3,全国大学英语四、六级考试大纲（2016年修订版）词表；★标为六级词。
hysterical,,,,cet6,official_syllabus_2016,3,全国大学英语四、六级考试大纲（2016年修订版）词表；★标为六级词。
iceberg,,,,cet6,official_syllabus_2016,3,全国大学英语四、六级考试大纲（2016年修订版）词表；★标为六级词。
icon,,,,cet6,official_syllabus_2016,3,全国大学英语四、六级考试大纲（2016年修订版）词表；★标为六级词。
ideology,,,,cet6,official_syllabus_2016,3,全国大学英语四、六级考试大纲（2016年修订版）词表；★标为六级词。
idiot,,,,cet6,official_syllabus_2016,3,全国大学英语四、六级考试大纲（2016年修订版）词表；★标为六级词。
idol,,,,cet6,official_syllabus_2016,3,全国大学英语四、六级考试大纲（2016年修订版）词表；★标为六级词。
ignite,,,,cet6,official_syllabus_2016,3,全国大学英语四、六级考试大纲（2016年修订版）词表；★标为六级词。
illicit,,,,cet6,official_syllabus_2016,3,全国大学英语四、六级考试大纲（2016年修订版）词表；★标为六级词。
illiterate,,,,cet6,official_syllabus_2016,3,全国大学英语四、六级考试大纲（2016年修订版）词表；★标为六级词。
illuminate,,,,cet6,official_syllabus_2016,3,全国大学英语四、六级考试大纲（2016年修订版）词表；★标为六级词。
immerse,,,,cet6,official_syllabus_2016,3,全国大学英语四、六级考试大纲（2016年修订版）词表；★标为六级词。
imminent,,,,cet6,official_syllabus_2016,3,全国大学英语四、六级考试大纲（2016年修订版）词表；★标为六级词。
impair,,,,cet6,official_syllabus_2016,3,全国大学英语四、六级考试大纲（2016年修订版）词表；★标为六级词。
impart,,,,cet6,official_syllabus_2016,3,全国大学英语四、六级考试大纲（2016年修订版）词表；★标为六级词。
imperative,,,,cet6,official_syllabus_2016,3,全国大学英语四、六级考试大纲（2016年修订版）词表；★标为六级词。
impetus,,,,cet6,official_syllabus_2016,3,全国大学英语四、六级考试大纲（2016年修订版）词表；★标为六级词。
imprison,,,,cet6,official_syllabus_2016,3,全国大学英语四、六级考试大纲（2016年修订版）词表；★标为六级词。
impromptu,,,,cet6,official_syllabus_2016,3,全国大学英语四、六级考试大纲（2016年修订版）词表；★标为六级词。
inaugurate,,,,cet6,official_syllabus_2016,3,全国大学英语四、六级考试大纲（2016年修订版）词表；★标为六级词。
inborn,,,,cet6,official_syllabus_2016,3,全国大学英语四、六级考试大纲（2016年修订版）词表；★标为六级词。
incorporate,,,,cet6,official_syllabus_2016,3,全国大学英语四、六级考试大纲（2016年修订版）词表；★标为六级词。
incumbent,,,,cet6,official_syllabus_2016,3,全国大学英语四、六级考试大纲（2016年修订版）词表；★标为六级词。
incur,,,,cet6,official_syllabus_2016,3,全国大学英语四、六级考试大纲（2016年修订版）词表；★标为六级词。
indebted,,,,cet6,official_syllabus_2016,3,全国大学英语四、六级考试大纲（2016年修订版）词表；★标为六级词。
indefinite,,,,cet6,official_syllabus_2016,3,全国大学英语四、六级考试大纲（2016年修订版）词表；★标为六级词。
indict,,,,cet6,official_syllabus_2016,3,全国大学英语四、六级考试大纲（2016年修订版）词表；★标为六级词。
indigenous,,,,cet6,official_syllabus_2016,3,全国大学英语四、六级考试大纲（2016年修订版）词表；★标为六级词。
indignant,,,,cet6,official_syllabus_2016,3,全国大学英语四、六级考试大纲（2016年修订版）词表；★标为六级词。
indulge,,,,cet6,official_syllabus_2016,3,全国大学英语四、六级考试大纲（2016年修订版）词表；★标为六级词。
inertia,,,,cet6,official_syllabus_2016,3,全国大学英语四、六级考试大纲（2016年修订版）词表；★标为六级词。
inflict,,,,cet6,official_syllabus_2016,3,全国大学英语四、六级考试大纲（2016年修订版）词表；★标为六级词。
infringe,,,,cet6,official_syllabus_2016,3,全国大学英语四、六级考试大纲（2016年修订版）词表；★标为六级词。
ingenious,,,,cet6,official_syllabus_2016,3,全国大学英语四、六级考试大纲（2016年修订版）词表；★标为六级词。
inherent,,,,cet6,official_syllabus_2016,3,全国大学英语四、六级考试大纲（2016年修订版）词表；★标为六级词。
inhibit,,,,cet6,official_syllabus_2016,3,全国大学英语四、六级考试大纲（2016年修订版）词表；★标为六级词。
inject,,,,cet6,official_syllabus_2016,3,全国大学英语四、六级考试大纲（2016年修订版）词表；★标为六级词。
inmate,,,,cet6,official_syllabus_2016,3,全国大学英语四、六级考试大纲（2016年修订版）词表；★标为六级词。
innumerable,,,,cet6,official_syllabus_2016,3,全国大学英语四、六级考试大纲（2016年修订版）词表；★标为六级词。
insulate,,,,cet6,official_syllabus_2016,3,全国大学英语四、六级考试大纲（2016年修订版）词表；★标为六级词。
integral,,,,cet6,official_syllabus_2016,3,全国大学英语四、六级考试大纲（2016年修订版）词表；★标为六级词。
intellect,,,,cet6,official_syllabus_2016,3,全国大学英语四、六级考试大纲（2016年修订版）词表；★标为六级词。
intelligible,,,,cet6,official_syllabus_2016,3,全国大学英语四、六级考试大纲（2016年修订版）词表；★标为六级词。
intercourse,,,,cet6,official_syllabus_2016,3,全国大学英语四、六级考试大纲（2016年修订版）词表；★标为六级词。
interim,,,,cet6,official_syllabus_2016,3,全国大学英语四、六级考试大纲（2016年修订版）词表；★标为六级词。
intermittent,,,,cet6,official_syllabus_2016,3,全国大学英语四、六级考试大纲（2016年修订版）词表；★标为六级词。
interrogate,,,,cet6,official_syllabus_2016,3,全国大学英语四、六级考试大纲（2016年修订版）词表；★标为六级词。
intervene,,,,cet6,official_syllabus_2016,3,全国大学英语四、六级考试大纲（2016年修订版）词表；★标为六级词。
intimidate,,,,cet6,official_syllabus_2016,3,全国大学英语四、六级考试大纲（2016年修订版）词表；★标为六级词。
intricate,,,,cet6,official_syllabus_2016,3,全国大学英语四、六级考试大纲（2016年修订版）词表；★标为六级词。
intrigue,,,,cet6,official_syllabus_2016,3,全国大学英语四、六级考试大纲（2016年修订版）词表；★标为六级词。
intrinsic,,,,cet6,official_syllabus_2016,3,全国大学英语四、六级考试大纲（2016年修订版）词表；★标为六级词。
intuition,,,,cet6,official_syllabus_2016,3,全国大学英语四、六级考试大纲（2016年修订版）词表；★标为六级词。
invalid,,,,cet6,official_syllabus_2016,3,全国大学英语四、六级考试大纲（2016年修订版）词表；★标为六级词。
inventory,,,,cet6,official_syllabus_2016,3,全国大学英语四、六级考试大纲（2016年修订版）词表；★标为六级词。
invert,,,,cet6,official_syllabus_2016,3,全国大学英语四、六级考试大纲（2016年修订版）词表；★标为六级词。
irrespective,,,,cet6,official_syllabus_2016,3,全国大学英语四、六级考试大纲（2016年修订版）词表；★标为六级词。
irritate,,,,cet6,official_syllabus_2016,3,全国大学英语四、六级考试大纲（2016年修订版）词表；★标为六级词。
isle,,,,cet6,official_syllabus_2016,3,全国大学英语四、六级考试大纲（2016年修订版）词表；★标为六级词。
ivory,,,,cet6,official_syllabus_2016,3,全国大学英语四、六级考试大纲（2016年修订版）词表；★标为六级词。
jack,,,,cet6,official_syllabus_2016,3,全国大学英语四、六级考试大纲（2016年修订版）词表；★标为六级词。
jargon,,,,cet6,official_syllabus_2016,3,全国大学英语四、六级考试大纲（2016年修订版）词表；★标为六级词。
jelly,,,,cet6,official_syllabus_2016,3,全国大学英语四、六级考试大纲（2016年修订版）词表；★标为六级词。
jerk,,,,cet6,official_syllabus_2016,3,全国大学英语四、六级考试大纲（2016年修订版）词表；★标为六级词。
jockey,,,,cet6,official_syllabus_2016,3,全国大学英语四、六级考试大纲（2016年修订版）词表；★标为六级词。
jolly,,,,cet6,official_syllabus_2016,3,全国大学英语四、六级考试大纲（2016年修订版）词表；★标为六级词。
judicial,,,,cet6,official_syllabus_2016,3,全国大学英语四、六级考试大纲（2016年修订版）词表；★标为六级词。
judiciary,,,,cet6,official_syllabus_2016,3,全国大学英语四、六级考试大纲（2016年修订版）词表；★标为六级词。
junction,,,,cet6,official_syllabus_2016,3,全国大学英语四、六级考试大纲（2016年修订版）词表；★标为六级词。
jurisdiction,,,,cet6,official_syllabus_2016,3,全国大学英语四、六级考试大纲（2016年修订版）词表；★标为六级词。
juvenile,,,,cet6,official_syllabus_2016,3,全国大学英语四、六级考试大纲（2016年修订版）词表；★标为六级词。
kidnap,,,,cet6,official_syllabus_2016,3,全国大学英语四、六级考试大纲（2016年修订版）词表；★标为六级词。
kidney,,,,cet6,official_syllabus_2016,3,全国大学英语四、六级考试大纲（2016年修订版）词表；★标为六级词。
knight,,,,cet6,official_syllabus_2016,3,全国大学英语四、六级考试大纲（2016年修订版）词表；★标为六级词。
knob,,,,cet6,official_syllabus_2016,3,全国大学英语四、六级考试大纲（2016年修订版）词表；★标为六级词。
lad,,,,cet6,official_syllabus_2016,3,全国大学英语四、六级考试大纲（2016年修订版）词表；★标为六级词。
landmark,,,,cet6,official_syllabus_2016,3,全国大学英语四、六级考试大纲（2016年修订版）词表；★标为六级词。
lash,,,,cet6,official_syllabus_2016,3,全国大学英语四、六级考试大纲（2016年修订版）词表；★标为六级词。
latitude,,,,cet6,official_syllabus_2016,3,全国大学英语四、六级考试大纲（2016年修订版）词表；★标为六级词。
lavish,,,,cet6,official_syllabus_2016,3,全国大学英语四、六级考试大纲（2016年修订版）词表；★标为六级词。
lawsuit,,,,cet6,official_syllabus_2016,3,全国大学英语四、六级考试大纲（2016年修订版）词表；★标为六级词。
layman,,,,cet6,official_syllabus_2016,3,全国大学英语四、六级考试大纲（2016年修订版）词表；★标为六级词。
leaflet,,,,cet6,official_syllabus_2016,3,全国大学英语四、六级考试大纲（2016年修订版）词表；★标为六级词。
legacy,,,,cet6,official_syllabus_2016,3,全国大学英语四、六级考试大纲（2016年修订版）词表；★标为六级词。
legitimate,,,,cet6,official_syllabus_2016,3,全国大学英语四、六级考试大纲（2016年修订版）词表；★标为六级词。
lenient,,,,cet6,official_syllabus_2016,3,全国大学英语四、六级考试大纲（2016年修订版）词表；★标为六级词。
lesbian,,,,cet6,official_syllabus_2016,3,全国大学英语四、六级考试大纲（2016年修订版）词表；★标为六级词。
lever,,,,cet6,official_syllabus_2016,3,全国大学英语四、六级考试大纲（2016年修订版）词表；★标为六级词。
levy,,,,cet6,official_syllabus_2016,3,全国大学英语四、六级考试大纲（2016年修订版）词表；★标为六级词。
lieutenant,,,,cet6,official_syllabus_2016,3,全国大学英语四、六级考试大纲（2016年修订版）词表；★标为六级词。
lime,,,,cet6,official_syllabus_2016,3,全国大学英语四、六级考试大纲（2016年修订版）词表；★标为六级词。
limelight,,,,cet6,official_syllabus_2016,3,全国大学英语四、六级考试大纲（2016年修订版）词表；★标为六级词。
limp,,,,cet6,official_syllabus_2016,3,全国大学英语四、六级考试大纲（2016年修订版）词表；★标为六级词。
linen,,,,cet6,official_syllabus_2016,3,全国大学英语四、六级考试大纲（2016年修订版）词表；★标为六级词。
liner,,,,cet6,official_syllabus_2016,3,全国大学英语四、六级考试大纲（2016年修订版）词表；★标为六级词。
linger,,,,cet6,official_syllabus_2016,3,全国大学英语四、六级考试大纲（2016年修订版）词表；★标为六级词。
linguistic,,,,cet6,official_syllabus_2016,3,全国大学英语四、六级考试大纲（2016年修订版）词表；★标为六级词。
lipstick,,,,cet6,official_syllabus_2016,3,全国大学英语四、六级考试大纲（2016年修订版）词表；★标为六级词。
livestock,,,,cet6,official_syllabus_2016,3,全国大学英语四、六级考试大纲（2016年修订版）词表；★标为六级词。
locomotive,,,,cet6,official_syllabus_2016,3,全国大学英语四、六级考试大纲（2016年修订版）词表；★标为六级词。
lofty,,,,cet6,official_syllabus_2016,3,全国大学英语四、六级考试大纲（2016年修订版）词表；★标为六级词。
logistics,,,,cet6,official_syllabus_2016,3,全国大学英语四、六级考试大纲（2016年修订版）词表；★标为六级词。
longevity,,,,cet6,official_syllabus_2016,3,全国大学英语四、六级考试大纲（2016年修订版）词表；★标为六级词。
longitude,,,,cet6,official_syllabus_2016,3,全国大学英语四、六级考试大纲（2016年修订版）词表；★标为六级词。
loom,,,,cet6,official_syllabus_2016,3,全国大学英语四、六级考试大纲（2016年修订版）词表；★标为六级词。
loop,,,,cet6,official_syllabus_2016,3,全国大学英语四、六级考试大纲（2016年修订版）词表；★标为六级词。
loot,,,,cet6,official_syllabus_2016,3,全国大学英语四、六级考试大纲（2016年修订版）词表；★标为六级词。
lotion,,,,cet6,official_syllabus_2016,3,全国大学英语四、六级考试大纲（2016年修订版）词表；★标为六级词。
lottery,,,,cet6,official_syllabus_2016,3,全国大学英语四、六级考试大纲（2016年修订版）词表；★标为六级词。
lounge,,,,cet6,official_syllabus_2016,3,全国大学英语四、六级考试大纲（2016年修订版）词表；★标为六级词。
lubricate,,,,cet6,official_syllabus_2016,3,全国大学英语四、六级考试大纲（2016年修订版）词表；★标为六级词。
lucrative,,,,cet6,official_syllabus_2016,3,全国大学英语四、六级考试大纲（2016年修订版）词表；★标为六级词。
luminous,,,,cet6,official_syllabus_2016,3,全国大学英语四、六级考试大纲（2016年修订版）词表；★标为六级词。
lure,,,,cet6,official_syllabus_2016,3,全国大学英语四、六级考试大纲（2016年修订版）词表；★标为六级词。
lyric,,,,cet6,official_syllabus_2016,3,全国大学英语四、六级考试大纲（2016年修订版）词表；★标为六级词。
magistrate,,,,cet6,official_syllabus_2016,3,全国大学英语四、六级考试大纲（2016年修订版）词表；★标为六级词。
magnify,,,,cet6,official_syllabus_2016,3,全国大学英语四、六级考试大纲（2016年修订版）词表；★标为六级词。
magnitude,,,,cet6,official_syllabus_2016,3,全国大学英语四、六级考试大纲（2016年修订版）词表；★标为六级词。
majesty,,,,cet6,official_syllabus_2016,3,全国大学英语四、六级考试大纲（2016年修订版）词表；★标为六级词。
malice,,,,cet6,official_syllabus_2016,3,全国大学英语四、六级考试大纲（2016年修订版）词表；★标为六级词。
malignant,,,,cet6,official_syllabus_2016,3,全国大学英语四、六级考试大纲（2016年修订版）词表；★标为六级词。
malpractice,,,,cet6,official_syllabus_2016,3,全国大学英语四、六级考试大纲（2016年修订版）词表；★标为六级词。
mandate,,,,cet6,official_syllabus_2016,3,全国大学英语四、六级考试大纲（2016年修订版）词表；★标为六级词。
maneuver/manoeuvre,,,,cet6,official_syllabus_2016,3,全国大学英语四、六级考试大纲（2016年修订版）词表；★标为六级词。
manifest,,,,cet6,official_syllabus_2016,3,全国大学英语四、六级考试大纲（2016年修订版）词表；★标为六级词。
mansion,,,,cet6,official_syllabus_2016,3,全国大学英语四、六级考试大纲（2016年修订版）词表；★标为六级词。
manuscript,,,,cet6,official_syllabus_2016,3,全国大学英语四、六级考试大纲（2016年修订版）词表；★标为六级词。
mar,,,,cet6,official_syllabus_2016,3,全国大学英语四、六级考试大纲（2016年修订版）词表；★标为六级词。
marble,,,,cet6,official_syllabus_2016,3,全国大学英语四、六级考试大纲（2016年修订版）词表；★标为六级词。
maritime,,,,cet6,official_syllabus_2016,3,全国大学英语四、六级考试大纲（2016年修订版）词表；★标为六级词。
martyr,,,,cet6,official_syllabus_2016,3,全国大学英语四、六级考试大纲（2016年修订版）词表；★标为六级词。
masculine,,,,cet6,official_syllabus_2016,3,全国大学英语四、六级考试大纲（2016年修订版）词表；★标为六级词。
massacre,,,,cet6,official_syllabus_2016,3,全国大学英语四、六级考试大纲（2016年修订版）词表；★标为六级词。
maternal,,,,cet6,official_syllabus_2016,3,全国大学英语四、六级考试大纲（2016年修订版）词表；★标为六级词。
meadow,,,,cet6,official_syllabus_2016,3,全国大学英语四、六级考试大纲（2016年修订版）词表；★标为六级词。
mediate,,,,cet6,official_syllabus_2016,3,全国大学英语四、六级考试大纲（2016年修订版）词表；★标为六级词。
medication,,,,cet6,official_syllabus_2016,3,全国大学英语四、六级考试大纲（2016年修订版）词表；★标为六级词。
medieval,,,,cet6,official_syllabus_2016,3,全国大学英语四、六级考试大纲（2016年修订版）词表；★标为六级词。
melody,,,,cet6,official_syllabus_2016,3,全国大学英语四、六级考试大纲（2016年修订版）词表；★标为六级词。
menace,,,,cet6,official_syllabus_2016,3,全国大学英语四、六级考试大纲（2016年修订版）词表；★标为六级词。
mentor,,,,cet6,official_syllabus_2016,3,全国大学英语四、六级考试大纲（2016年修订版）词表；★标为六级词。
merchandise,,,,cet6,official_syllabus_2016,3,全国大学英语四、六级考试大纲（2016年修订版）词表；★标为六级词。
mercury,,,,cet6,official_syllabus_2016,3,全国大学英语四、六级考试大纲（2016年修订版）词表；★标为六级词。
merge,,,,cet6,official_syllabus_2016,3,全国大学英语四、六级考试大纲（2016年修订版）词表；★标为六级词。
metabolism,,,,cet6,official_syllabus_2016,3,全国大学英语四、六级考试大纲（2016年修订版）词表；★标为六级词。
metaphor,,,,cet6,official_syllabus_2016,3,全国大学英语四、六级考试大纲（2016年修订版）词表；★标为六级词。
meticulous,,,,cet6,official_syllabus_2016,3,全国大学英语四、六级考试大纲（2016年修订版）词表；★标为六级词。
metropolitan,,,,cet6,official_syllabus_2016,3,全国大学英语四、六级考试大纲（2016年修订版）词表；★标为六级词。
midst,,,,cet6,official_syllabus_2016,3,全国大学英语四、六级考试大纲（2016年修订版）词表；★标为六级词。
midwife,,,,cet6,official_syllabus_2016,3,全国大学英语四、六级考试大纲（2016年修订版）词表；★标为六级词。
milestone,,,,cet6,official_syllabus_2016,3,全国大学英语四、六级考试大纲（2016年修订版）词表；★标为六级词。
militant,,,,cet6,official_syllabus_2016,3,全国大学英语四、六级考试大纲（2016年修订版）词表；★标为六级词。
militia,,,,cet6,official_syllabus_2016,3,全国大学英语四、六级考试大纲（2016年修订版）词表；★标为六级词。
mindset,,,,cet6,official_syllabus_2016,3,全国大学英语四、六级考试大纲（2016年修订版）词表；★标为六级词。
mingle,,,,cet6,official_syllabus_2016,3,全国大学英语四、六级考试大纲（2016年修订版）词表；★标为六级词。
miniature,,,,cet6,official_syllabus_2016,3,全国大学英语四、六级考试大纲（2016年修订版）词表；★标为六级词。
mint,,,,cet6,official_syllabus_2016,3,全国大学英语四、六级考试大纲（2016年修订版）词表；★标为六级词。
missionary,,,,cet6,official_syllabus_2016,3,全国大学英语四、六级考试大纲（2016年修订版）词表；★标为六级词。
moan,,,,cet6,official_syllabus_2016,3,全国大学英语四、六级考试大纲（2016年修订版）词表；★标为六级词。
mock,,,,cet6,official_syllabus_2016,3,全国大学英语四、六级考试大纲（2016年修订版）词表；★标为六级词。
molecule,,,,cet6,official_syllabus_2016,3,全国大学英语四、六级考试大纲（2016年修订版）词表；★标为六级词。
momentum,,,,cet6,official_syllabus_2016,3,全国大学英语四、六级考试大纲（2016年修订版）词表；★标为六级词。
monarchy,,,,cet6,official_syllabus_2016,3,全国大学英语四、六级考试大纲（2016年修订版）词表；★标为六级词。
monopoly,,,,cet6,official_syllabus_2016,3,全国大学英语四、六级考试大纲（2016年修订版）词表；★标为六级词。
monotony,,,,cet6,official_syllabus_2016,3,全国大学英语四、六级考试大纲（2016年修订版）词表；★标为六级词。
morale,,,,cet6,official_syllabus_2016,3,全国大学英语四、六级考试大纲（2016年修订版）词表；★标为六级词。
mortal,,,,cet6,official_syllabus_2016,3,全国大学英语四、六级考试大纲（2016年修订版）词表；★标为六级词。
mosquito,,,,cet6,official_syllabus_2016,3,全国大学英语四、六级考试大纲（2016年修订版）词表；★标为六级词。
mourn,,,,cet6,official_syllabus_2016,3,全国大学英语四、六级考试大纲（2016年修订版）词表；★标为六级词。
mow,,,,cet6,official_syllabus_2016,3,全国大学英语四、六级考试大纲（2016年修订版）词表；★标为六级词。
multilateral,,,,cet6,official_syllabus_2016,3,全国大学英语四、六级考试大纲（2016年修订版）词表；★标为六级词。
multitude,,,,cet6,official_syllabus_2016,3,全国大学英语四、六级考试大纲（2016年修订版）词表；★标为六级词。
murmur,,,,cet6,official_syllabus_2016,3,全国大学英语四、六级考试大纲（2016年修订版）词表；★标为六级词。
mute,,,,cet6,official_syllabus_2016,3,全国大学英语四、六级考试大纲（2016年修订版）词表；★标为六级词。
mutter,,,,cet6,official_syllabus_2016,3,全国大学英语四、六级考试大纲（2016年修订版）词表；★标为六级词。
naive,,,,cet6,official_syllabus_2016,3,全国大学英语四、六级考试大纲（2016年修订版）词表；★标为六级词。
navigate,,,,cet6,official_syllabus_2016,3,全国大学英语四、六级考试大纲（2016年修订版）词表；★标为六级词。
negligent,,,,cet6,official_syllabus_2016,3,全国大学英语四、六级考试大纲（2016年修订版）词表；★标为六级词。
negligible,,,,cet6,official_syllabus_2016,3,全国大学英语四、六级考试大纲（2016年修订版）词表；★标为六级词。
nickname,,,,cet6,official_syllabus_2016,3,全国大学英语四、六级考试大纲（2016年修订版）词表；★标为六级词。
nil,,,,cet6,official_syllabus_2016,3,全国大学英语四、六级考试大纲（2016年修订版）词表；★标为六级词。
nitrogen,,,,cet6,official_syllabus_2016,3,全国大学英语四、六级考试大纲（2016年修订版）词表；★标为六级词。
nominal,,,,cet6,official_syllabus_2016,3,全国大学英语四、六级考试大纲（2016年修订版）词表；★标为六级词。
nominate,,,,cet6,official_syllabus_2016,3,全国大学英语四、六级考试大纲（2016年修订版）词表；★标为六级词。
nonetheless,,,,cet6,official_syllabus_2016,3,全国大学英语四、六级考试大纲（2016年修订版）词表；★标为六级词。
noteworthy,,,,cet6,official_syllabus_2016,3,全国大学英语四、六级考试大纲（2016年修订版）词表；★标为六级词。
notorious,,,,cet6,official_syllabus_2016,3,全国大学英语四、六级考试大纲（2016年修订版）词表；★标为六级词。
notwithstanding,,,,cet6,official_syllabus_2016,3,全国大学英语四、六级考试大纲（2016年修订版）词表；★标为六级词。
numb,,,,cet6,official_syllabus_2016,3,全国大学英语四、六级考试大纲（2016年修订版）词表；★标为六级词。
numerical,,,,cet6,official_syllabus_2016,3,全国大学英语四、六级考试大纲（2016年修订版）词表；★标为六级词。
nurture,,,,cet6,official_syllabus_2016,3,全国大学英语四、六级考试大纲（2016年修订版）词表；★标为六级词。
oak,,,,cet6,official_syllabus_2016,3,全国大学英语四、六级考试大纲（2016年修订版）词表；★标为六级词。
oar,,,,cet6,official_syllabus_2016,3,全国大学英语四、六级考试大纲（2016年修订版）词表；★标为六级词。
oath,,,,cet6,official_syllabus_2016,3,全国大学英语四、六级考试大纲（2016年修订版）词表；★标为六级词。
obscene,,,,cet6,official_syllabus_2016,3,全国大学英语四、六级考试大纲（2016年修订版）词表；★标为六级词。
obscure,,,,cet6,official_syllabus_2016,3,全国大学英语四、六级考试大纲（2016年修订版）词表；★标为六级词。
observatory,,,,cet6,official_syllabus_2016,3,全国大学英语四、六级考试大纲（2016年修订版）词表；★标为六级词。
obsess,,,,cet6,official_syllabus_2016,3,全国大学英语四、六级考试大纲（2016年修订版）词表；★标为六级词。
obstruct,,,,cet6,official_syllabus_2016,3,全国大学英语四、六级考试大纲（2016年修订版）词表；★标为六级词。
offset,,,,cet6,official_syllabus_2016,3,全国大学英语四、六级考试大纲（2016年修订版）词表；★标为六级词。
offspring,,,,cet6,official_syllabus_2016,3,全国大学英语四、六级考试大纲（2016年修订版）词表；★标为六级词。
olive,,,,cet6,official_syllabus_2016,3,全国大学英语四、六级考试大纲（2016年修订版）词表；★标为六级词。
onset,,,,cet6,official_syllabus_2016,3,全国大学英语四、六级考试大纲（2016年修订版）词表；★标为六级词。
opaque,,,,cet6,official_syllabus_2016,3,全国大学英语四、六级考试大纲（2016年修订版）词表；★标为六级词。
operative,,,,cet6,official_syllabus_2016,3,全国大学英语四、六级考试大纲（2016年修订版）词表；★标为六级词。
oppress,,,,cet6,official_syllabus_2016,3,全国大学英语四、六级考试大纲（2016年修订版）词表；★标为六级词。
optic,,,,cet6,official_syllabus_2016,3,全国大学英语四、六级考试大纲（2016年修订版）词表；★标为六级词。
optimum,,,,cet6,official_syllabus_2016,3,全国大学英语四、六级考试大纲（2016年修订版）词表；★标为六级词。
ordeal,,,,cet6,official_syllabus_2016,3,全国大学英语四、六级考试大纲（2016年修订版）词表；★标为六级词。
orthodox,,,,cet6,official_syllabus_2016,3,全国大学英语四、六级考试大纲（2016年修订版）词表；★标为六级词。
outfit,,,,cet6,official_syllabus_2016,3,全国大学英语四、六级考试大纲（2016年修订版）词表；★标为六级词。
outlaw,,,,cet6,official_syllabus_2016,3,全国大学英语四、六级考试大纲（2016年修订版）词表；★标为六级词。
outrage,,,,cet6,official_syllabus_2016,3,全国大学英语四、六级考试大纲（2016年修订版）词表；★标为六级词。
overflow,,,,cet6,official_syllabus_2016,3,全国大学英语四、六级考试大纲（2016年修订版）词表；★标为六级词。
overhaul,,,,cet6,official_syllabus_2016,3,全国大学英语四、六级考试大纲（2016年修订版）词表；★标为六级词。
overlap,,,,cet6,official_syllabus_2016,3,全国大学英语四、六级考试大纲（2016年修订版）词表；★标为六级词。
override,,,,cet6,official_syllabus_2016,3,全国大学英语四、六级考试大纲（2016年修订版）词表；★标为六级词。
overstate,,,,cet6,official_syllabus_2016,3,全国大学英语四、六级考试大纲（2016年修订版）词表；★标为六级词。
overt,,,,cet6,official_syllabus_2016,3,全国大学英语四、六级考试大纲（2016年修订版）词表；★标为六级词。
overturn,,,,cet6,official_syllabus_2016,3,全国大学英语四、六级考试大纲（2016年修订版）词表；★标为六级词。
owl,,,,cet6,official_syllabus_2016,3,全国大学英语四、六级考试大纲（2016年修订版）词表；★标为六级词。
oxide,,,,cet6,official_syllabus_2016,3,全国大学英语四、六级考试大纲（2016年修订版）词表；★标为六级词。
pact,,,,cet6,official_syllabus_2016,3,全国大学英语四、六级考试大纲（2016年修订版）词表；★标为六级词。
pamphlet,,,,cet6,official_syllabus_2016,3,全国大学英语四、六级考试大纲（2016年修订版）词表；★标为六级词。
panorama,,,,cet6,official_syllabus_2016,3,全国大学英语四、六级考试大纲（2016年修订版）词表；★标为六级词。
pant,,,,cet6,official_syllabus_2016,3,全国大学英语四、六级考试大纲（2016年修订版）词表；★标为六级词。
parachute,,,,cet6,official_syllabus_2016,3,全国大学英语四、六级考试大纲（2016年修订版）词表；★标为六级词。
paradigm,,,,cet6,official_syllabus_2016,3,全国大学英语四、六级考试大纲（2016年修订版）词表；★标为六级词。
paradise,,,,cet6,official_syllabus_2016,3,全国大学英语四、六级考试大纲（2016年修订版）词表；★标为六级词。
parameter,,,,cet6,official_syllabus_2016,3,全国大学英语四、六级考试大纲（2016年修订版）词表；★标为六级词。
parasite,,,,cet6,official_syllabus_2016,3,全国大学英语四、六级考试大纲（2016年修订版）词表；★标为六级词。
parish,,,,cet6,official_syllabus_2016,3,全国大学英语四、六级考试大纲（2016年修订版）词表；★标为六级词。
parole,,,,cet6,official_syllabus_2016,3,全国大学英语四、六级考试大纲（2016年修订版）词表；★标为六级词。
parrot,,,,cet6,official_syllabus_2016,3,全国大学英语四、六级考试大纲（2016年修订版）词表；★标为六级词。
partisan,,,,cet6,official_syllabus_2016,3,全国大学英语四、六级考试大纲（2016年修订版）词表；★标为六级词。
partition,,,,cet6,official_syllabus_2016,3,全国大学英语四、六级考试大纲（2016年修订版）词表；★标为六级词。
passerby,,,,cet6,official_syllabus_2016,3,全国大学英语四、六级考试大纲（2016年修订版）词表；★标为六级词。
pasta,,,,cet6,official_syllabus_2016,3,全国大学英语四、六级考试大纲（2016年修订版）词表；★标为六级词。
pastry,,,,cet6,official_syllabus_2016,3,全国大学英语四、六级考试大纲（2016年修订版）词表；★标为六级词。
pasture,,,,cet6,official_syllabus_2016,3,全国大学英语四、六级考试大纲（2016年修订版）词表；★标为六级词。
pathetic,,,,cet6,official_syllabus_2016,3,全国大学英语四、六级考试大纲（2016年修订版）词表；★标为六级词。
patriot,,,,cet6,official_syllabus_2016,3,全国大学英语四、六级考试大纲（2016年修订版）词表；★标为六级词。
patrol,,,,cet6,official_syllabus_2016,3,全国大学英语四、六级考试大纲（2016年修订版）词表；★标为六级词。
patron,,,,cet6,official_syllabus_2016,3,全国大学英语四、六级考试大纲（2016年修订版）词表；★标为六级词。
peck,,,,cet6,official_syllabus_2016,3,全国大学英语四、六级考试大纲（2016年修订版）词表；★标为六级词。
pedal,,,,cet6,official_syllabus_2016,3,全国大学英语四、六级考试大纲（2016年修订版）词表；★标为六级词。
peddle,,,,cet6,official_syllabus_2016,3,全国大学英语四、六级考试大纲（2016年修订版）词表；★标为六级词。
peel,,,,cet6,official_syllabus_2016,3,全国大学英语四、六级考试大纲（2016年修订版）词表；★标为六级词。
peep,,,,cet6,official_syllabus_2016,3,全国大学英语四、六级考试大纲（2016年修订版）词表；★标为六级词。
peg,,,,cet6,official_syllabus_2016,3,全国大学英语四、六级考试大纲（2016年修订版）词表；★标为六级词。
pending,,,,cet6,official_syllabus_2016,3,全国大学英语四、六级考试大纲（2016年修订版）词表；★标为六级词。
pendulum,,,,cet6,official_syllabus_2016,3,全国大学英语四、六级考试大纲（2016年修订版）词表；★标为六级词。
penguin,,,,cet6,official_syllabus_2016,3,全国大学英语四、六级考试大纲（2016年修订版）词表；★标为六级词。
peninsula,,,,cet6,official_syllabus_2016,3,全国大学英语四、六级考试大纲（2016年修订版）词表；★标为六级词。
perch,,,,cet6,official_syllabus_2016,3,全国大学英语四、六级考试大纲（2016年修订版）词表；★标为六级词。
perfume,,,,cet6,official_syllabus_2016,3,全国大学英语四、六级考试大纲（2016年修订版）词表；★标为六级词。
perish,,,,cet6,official_syllabus_2016,3,全国大学英语四、六级考试大纲（2016年修订版）词表；★标为六级词。
permeate,,,,cet6,official_syllabus_2016,3,全国大学英语四、六级考试大纲（2016年修订版）词表；★标为六级词。
perpetual,,,,cet6,official_syllabus_2016,3,全国大学英语四、六级考试大纲（2016年修订版）词表；★标为六级词。
perplex,,,,cet6,official_syllabus_2016,3,全国大学英语四、六级考试大纲（2016年修订版）词表；★标为六级词。
persecute,,,,cet6,official_syllabus_2016,3,全国大学英语四、六级考试大纲（2016年修订版）词表；★标为六级词。
pest,,,,cet6,official_syllabus_2016,3,全国大学英语四、六级考试大纲（2016年修订版）词表；★标为六级词。
pesticide,,,,cet6,official_syllabus_2016,3,全国大学英语四、六级考试大纲（2016年修订版）词表；★标为六级词。
petition,,,,cet6,official_syllabus_2016,3,全国大学英语四、六级考试大纲（2016年修订版）词表；★标为六级词。
petrochemical,,,,cet6,official_syllabus_2016,3,全国大学英语四、六级考试大纲（2016年修订版）词表；★标为六级词。
pharmacy,,,,cet6,official_syllabus_2016,3,全国大学英语四、六级考试大纲（2016年修订版）词表；★标为六级词。
physiological,,,,cet6,official_syllabus_2016,3,全国大学英语四、六级考试大纲（2016年修订版）词表；★标为六级词。
pilgrim,,,,cet6,official_syllabus_2016,3,全国大学英语四、六级考试大纲（2016年修订版）词表；★标为六级词。
plaintiff,,,,cet6,official_syllabus_2016,3,全国大学英语四、六级考试大纲（2016年修订版）词表；★标为六级词。
plateau,,,,cet6,official_syllabus_2016,3,全国大学英语四、六级考试大纲（2016年修订版）词表；★标为六级词。
plausible,,,,cet6,official_syllabus_2016,3,全国大学英语四、六级考试大纲（2016年修订版）词表；★标为六级词。
plaza,,,,cet6,official_syllabus_2016,3,全国大学英语四、六级考试大纲（2016年修订版）词表；★标为六级词。
plea,,,,cet6,official_syllabus_2016,3,全国大学英语四、六级考试大纲（2016年修订版）词表；★标为六级词。
plead,,,,cet6,official_syllabus_2016,3,全国大学英语四、六级考试大纲（2016年修订版）词表；★标为六级词。
plight,,,,cet6,official_syllabus_2016,3,全国大学英语四、六级考试大纲（2016年修订版）词表；★标为六级词。
plumber,,,,cet6,official_syllabus_2016,3,全国大学英语四、六级考试大纲（2016年修订版）词表；★标为六级词。
plumbing,,,,cet6,official_syllabus_2016,3,全国大学英语四、六级考试大纲（2016年修订版）词表；★标为六级词。
poise,,,,cet6,official_syllabus_2016,3,全国大学英语四、六级考试大纲（2016年修订版）词表；★标为六级词。
poke,,,,cet6,official_syllabus_2016,3,全国大学英语四、六级考试大纲（2016年修订版）词表；★标为六级词。
polytechnic,,,,cet6,official_syllabus_2016,3,全国大学英语四、六级考试大纲（2016年修订版）词表；★标为六级词。
ponder,,,,cet6,official_syllabus_2016,3,全国大学英语四、六级考试大纲（2016年修订版）词表；★标为六级词。
porcelain,,,,cet6,official_syllabus_2016,3,全国大学英语四、六级考试大纲（2016年修订版）词表；★标为六级词。
porch,,,,cet6,official_syllabus_2016,3,全国大学英语四、六级考试大纲（2016年修订版）词表；★标为六级词。
porridge,,,,cet6,official_syllabus_2016,3,全国大学英语四、六级考试大纲（2016年修订版）词表；★标为六级词。
portfolio,,,,cet6,official_syllabus_2016,3,全国大学英语四、六级考试大纲（2016年修订版）词表；★标为六级词。
portray,,,,cet6,official_syllabus_2016,3,全国大学英语四、六级考试大纲（2016年修订版）词表；★标为六级词。
potent,,,,cet6,official_syllabus_2016,3,全国大学英语四、六级考试大纲（2016年修订版）词表；★标为六级词。
pottery,,,,cet6,official_syllabus_2016,3,全国大学英语四、六级考试大纲（2016年修订版）词表；★标为六级词。
poultry,,,,cet6,official_syllabus_2016,3,全国大学英语四、六级考试大纲（2016年修订版）词表；★标为六级词。
practitioner,,,,cet6,official_syllabus_2016,3,全国大学英语四、六级考试大纲（2016年修订版）词表；★标为六级词。
precede,,,,cet6,official_syllabus_2016,3,全国大学英语四、六级考试大纲（2016年修订版）词表；★标为六级词。
predator,,,,cet6,official_syllabus_2016,3,全国大学英语四、六级考试大纲（2016年修订版）词表；★标为六级词。
predecessor,,,,cet6,official_syllabus_2016,3,全国大学英语四、六级考试大纲（2016年修订版）词表；★标为六级词。
predominate,,,,cet6,official_syllabus_2016,3,全国大学英语四、六级考试大纲（2016年修订版）词表；★标为六级词。
premature,,,,cet6,official_syllabus_2016,3,全国大学英语四、六级考试大纲（2016年修订版）词表；★标为六级词。
premise,,,,cet6,official_syllabus_2016,3,全国大学英语四、六级考试大纲（2016年修订版）词表；★标为六级词。
premium,,,,cet6,official_syllabus_2016,3,全国大学英语四、六级考试大纲（2016年修订版）词表；★标为六级词。
preoccupy,,,,cet6,official_syllabus_2016,3,全国大学英语四、六级考试大纲（2016年修订版）词表；★标为六级词。
prerequisite,,,,cet6,official_syllabus_2016,3,全国大学英语四、六级考试大纲（2016年修订版）词表；★标为六级词。
preside,,,,cet6,official_syllabus_2016,3,全国大学英语四、六级考试大纲（2016年修订版）词表；★标为六级词。
prestige,,,,cet6,official_syllabus_2016,3,全国大学英语四、六级考试大纲（2016年修订版）词表；★标为六级词。
presume,,,,cet6,official_syllabus_2016,3,全国大学英语四、六级考试大纲（2016年修订版）词表；★标为六级词。
pretext,,,,cet6,official_syllabus_2016,3,全国大学英语四、六级考试大纲（2016年修订版）词表；★标为六级词。
prey,,,,cet6,official_syllabus_2016,3,全国大学英语四、六级考试大纲（2016年修订版）词表；★标为六级词。
probe,,,,cet6,official_syllabus_2016,3,全国大学英语四、六级考试大纲（2016年修订版）词表；★标为六级词。
profile,,,,cet6,official_syllabus_2016,3,全国大学英语四、六级考试大纲（2016年修订版）词表；★标为六级词。
prolong,,,,cet6,official_syllabus_2016,3,全国大学英语四、六级考试大纲（2016年修订版）词表；★标为六级词。
prone,,,,cet6,official_syllabus_2016,3,全国大学英语四、六级考试大纲（2016年修订版）词表；★标为六级词。
proofread,,,,cet6,official_syllabus_2016,3,全国大学英语四、六级考试大纲（2016年修订版）词表；★标为六级词。
prop,,,,cet6,official_syllabus_2016,3,全国大学英语四、六级考试大纲（2016年修订版）词表；★标为六级词。
propaganda,,,,cet6,official_syllabus_2016,3,全国大学英语四、六级考试大纲（2016年修订版）词表；★标为六级词。
propagate,,,,cet6,official_syllabus_2016,3,全国大学英语四、六级考试大纲（2016年修订版）词表；★标为六级词。
propel,,,,cet6,official_syllabus_2016,3,全国大学英语四、六级考试大纲（2016年修订版）词表；★标为六级词。
prosecute,,,,cet6,official_syllabus_2016,3,全国大学英语四、六级考试大纲（2016年修订版）词表；★标为六级词。
prosper,,,,cet6,official_syllabus_2016,3,全国大学英语四、六级考试大纲（2016年修订版）词表；★标为六级词。
protocol,,,,cet6,official_syllabus_2016,3,全国大学英语四、六级考试大纲（2016年修订版）词表；★标为六级词。
prototype,,,,cet6,official_syllabus_2016,3,全国大学英语四、六级考试大纲（2016年修订版）词表；★标为六级词。
proximate,,,,cet6,official_syllabus_2016,3,全国大学英语四、六级考试大纲（2016年修订版）词表；★标为六级词。
psychiatry,,,,cet6,official_syllabus_2016,3,全国大学英语四、六级考试大纲（2016年修订版）词表；★标为六级词。
pudding,,,,cet6,official_syllabus_2016,3,全国大学英语四、六级考试大纲（2016年修订版）词表；★标为六级词。
pumpkin,,,,cet6,official_syllabus_2016,3,全国大学英语四、六级考试大纲（2016年修订版）词表；★标为六级词。
pyramid,,,,cet6,official_syllabus_2016,3,全国大学英语四、六级考试大纲（2016年修订版）词表；★标为六级词。
quart,,,,cet6,official_syllabus_2016,3,全国大学英语四、六级考试大纲（2016年修订版）词表；★标为六级词。
query,,,,cet6,official_syllabus_2016,3,全国大学英语四、六级考试大纲（2016年修订版）词表；★标为六级词。
quest,,,,cet6,official_syllabus_2016,3,全国大学英语四、六级考试大纲（2016年修订版）词表；★标为六级词。
quiver,,,,cet6,official_syllabus_2016,3,全国大学英语四、六级考试大纲（2016年修订版）词表；★标为六级词。
radiate,,,,cet6,official_syllabus_2016,3,全国大学英语四、六级考试大纲（2016年修订版）词表；★标为六级词。
radioactive,,,,cet6,official_syllabus_2016,3,全国大学英语四、六级考试大纲（2016年修订版）词表；★标为六级词。
ranch,,,,cet6,official_syllabus_2016,3,全国大学英语四、六级考试大纲（2016年修订版）词表；★标为六级词。
random,,,,cet6,official_syllabus_2016,3,全国大学英语四、六级考试大纲（2016年修订版）词表；★标为六级词。
rap,,,,cet6,official_syllabus_2016,3,全国大学英语四、六级考试大纲（2016年修订版）词表；★标为六级词。
rape,,,,cet6,official_syllabus_2016,3,全国大学英语四、六级考试大纲（2016年修订版）词表；★标为六级词。
rash,,,,cet6,official_syllabus_2016,3,全国大学英语四、六级考试大纲（2016年修订版）词表；★标为六级词。
ratify,,,,cet6,official_syllabus_2016,3,全国大学英语四、六级考试大纲（2016年修订版）词表；★标为六级词。
ration,,,,cet6,official_syllabus_2016,3,全国大学英语四、六级考试大纲（2016年修订版）词表；★标为六级词。
rattle,,,,cet6,official_syllabus_2016,3,全国大学英语四、六级考试大纲（2016年修订版）词表；★标为六级词。
reassure,,,,cet6,official_syllabus_2016,3,全国大学英语四、六级考试大纲（2016年修订版）词表；★标为六级词。
recede,,,,cet6,official_syllabus_2016,3,全国大学英语四、六级考试大纲（2016年修订版）词表；★标为六级词。
recipe,,,,cet6,official_syllabus_2016,3,全国大学英语四、六级考试大纲（2016年修订版）词表；★标为六级词。
reciprocal,,,,cet6,official_syllabus_2016,3,全国大学英语四、六级考试大纲（2016年修订版）词表；★标为六级词。
reckless,,,,cet6,official_syllabus_2016,3,全国大学英语四、六级考试大纲（2016年修订版）词表；★标为六级词。
reconcile,,,,cet6,official_syllabus_2016,3,全国大学英语四、六级考试大纲（2016年修订版）词表；★标为六级词。
rectify,,,,cet6,official_syllabus_2016,3,全国大学英语四、六级考试大纲（2016年修订版）词表；★标为六级词。
recur,,,,cet6,official_syllabus_2016,3,全国大学英语四、六级考试大纲（2016年修订版）词表；★标为六级词。
redundant,,,,cet6,official_syllabus_2016,3,全国大学英语四、六级考试大纲（2016年修订版）词表；★标为六级词。
reel,,,,cet6,official_syllabus_2016,3,全国大学英语四、六级考试大纲（2016年修订版）词表；★标为六级词。
referee,,,,cet6,official_syllabus_2016,3,全国大学英语四、六级考试大纲（2016年修订版）词表；★标为六级词。
referendum,,,,cet6,official_syllabus_2016,3,全国大学英语四、六级考试大纲（2016年修订版）词表；★标为六级词。
refuge,,,,cet6,official_syllabus_2016,3,全国大学英语四、六级考试大纲（2016年修订版）词表；★标为六级词。
refund,,,,cet6,official_syllabus_2016,3,全国大学英语四、六级考试大纲（2016年修订版）词表；★标为六级词。
refute,,,,cet6,official_syllabus_2016,3,全国大学英语四、六级考试大纲（2016年修订版）词表；★标为六级词。
regime,,,,cet6,official_syllabus_2016,3,全国大学英语四、六级考试大纲（2016年修订版）词表；★标为六级词。
regiment,,,,cet6,official_syllabus_2016,3,全国大学英语四、六级考试大纲（2016年修订版）词表；★标为六级词。
rehabilitate,,,,cet6,official_syllabus_2016,3,全国大学英语四、六级考试大纲（2016年修订版）词表；★标为六级词。
rehearse,,,,cet6,official_syllabus_2016,3,全国大学英语四、六级考试大纲（2016年修订版）词表；★标为六级词。
reign,,,,cet6,official_syllabus_2016,3,全国大学英语四、六级考试大纲（2016年修订版）词表；★标为六级词。
rein,,,,cet6,official_syllabus_2016,3,全国大学英语四、六级考试大纲（2016年修订版）词表；★标为六级词。
rejoice,,,,cet6,official_syllabus_2016,3,全国大学英语四、六级考试大纲（2016年修订版）词表；★标为六级词。
relentless,,,,cet6,official_syllabus_2016,3,全国大学英语四、六级考试大纲（2016年修订版）词表；★标为六级词。
relic,,,,cet6,official_syllabus_2016,3,全国大学英语四、六级考试大纲（2016年修订版）词表；★标为六级词。
relish,,,,cet6,official_syllabus_2016,3,全国大学英语四、六级考试大纲（2016年修订版）词表；★标为六级词。
reminiscent,,,,cet6,official_syllabus_2016,3,全国大学英语四、六级考试大纲（2016年修订版）词表；★标为六级词。
remnant,,,,cet6,official_syllabus_2016,3,全国大学英语四、六级考试大纲（2016年修订版）词表；★标为六级词。
renaissance,,,,cet6,official_syllabus_2016,3,全国大学英语四、六级考试大纲（2016年修订版）词表；★标为六级词。
renown,,,,cet6,official_syllabus_2016,3,全国大学英语四、六级考试大纲（2016年修订版）词表；★标为六级词。
repel,,,,cet6,official_syllabus_2016,3,全国大学英语四、六级考试大纲（2016年修订版）词表；★标为六级词。
repertoire,,,,cet6,official_syllabus_2016,3,全国大学英语四、六级考试大纲（2016年修订版）词表；★标为六级词。
repress,,,,cet6,official_syllabus_2016,3,全国大学英语四、六级考试大纲（2016年修订版）词表；★标为六级词。
reproach,,,,cet6,official_syllabus_2016,3,全国大学英语四、六级考试大纲（2016年修订版）词表；★标为六级词。
repute,,,,cet6,official_syllabus_2016,3,全国大学英语四、六级考试大纲（2016年修订版）词表；★标为六级词。
reservoir,,,,cet6,official_syllabus_2016,3,全国大学英语四、六级考试大纲（2016年修订版）词表；★标为六级词。
reshuffle,,,,cet6,official_syllabus_2016,3,全国大学英语四、六级考试大纲（2016年修订版）词表；★标为六级词。
restless,,,,cet6,official_syllabus_2016,3,全国大学英语四、六级考试大纲（2016年修订版）词表；★标为六级词。
retaliate,,,,cet6,official_syllabus_2016,3,全国大学英语四、六级考试大纲（2016年修订版）词表；★标为六级词。
retarded,,,,cet6,official_syllabus_2016,3,全国大学英语四、六级考试大纲（2016年修订版）词表；★标为六级词。
retort,,,,cet6,official_syllabus_2016,3,全国大学英语四、六级考试大纲（2016年修订版）词表；★标为六级词。
retrieve,,,,cet6,official_syllabus_2016,3,全国大学英语四、六级考试大纲（2016年修订版）词表；★标为六级词。
retrospect,,,,cet6,official_syllabus_2016,3,全国大学英语四、六级考试大纲（2016年修订版）词表；★标为六级词。
revenge,,,,cet6,official_syllabus_2016,3,全国大学英语四、六级考试大纲（2016年修订版）词表；★标为六级词。
revive,,,,cet6,official_syllabus_2016,3,全国大学英语四、六级考试大纲（2016年修订版）词表；★标为六级词。
revolt,,,,cet6,official_syllabus_2016,3,全国大学英语四、六级考试大纲（2016年修订版）词表；★标为六级词。
rhetoric,,,,cet6,official_syllabus_2016,3,全国大学英语四、六级考试大纲（2016年修订版）词表；★标为六级词。
ridge,,,,cet6,official_syllabus_2016,3,全国大学英语四、六级考试大纲（2016年修订版）词表；★标为六级词。
rig,,,,cet6,official_syllabus_2016,3,全国大学英语四、六级考试大纲（2016年修订版）词表；★标为六级词。
rigid,,,,cet6,official_syllabus_2016,3,全国大学英语四、六级考试大纲（2016年修订版）词表；★标为六级词。
rigo(u)r,,,,cet6,official_syllabus_2016,3,全国大学英语四、六级考试大纲（2016年修订版）词表；★标为六级词。
rim,,,,cet6,official_syllabus_2016,3,全国大学英语四、六级考试大纲（2016年修订版）词表；★标为六级词。
ritual,,,,cet6,official_syllabus_2016,3,全国大学英语四、六级考试大纲（2016年修订版）词表；★标为六级词。
robust,,,,cet6,official_syllabus_2016,3,全国大学英语四、六级考试大纲（2016年修订版）词表；★标为六级词。
rot,,,,cet6,official_syllabus_2016,3,全国大学英语四、六级考试大纲（2016年修订版）词表；★标为六级词。
rotate,,,,cet6,official_syllabus_2016,3,全国大学英语四、六级考试大纲（2016年修订版）词表；★标为六级词。
rust,,,,cet6,official_syllabus_2016,3,全国大学英语四、六级考试大纲（2016年修订版）词表；★标为六级词。
ruthless,,,,cet6,official_syllabus_2016,3,全国大学英语四、六级考试大纲（2016年修订版）词表；★标为六级词。
sacred,,,,cet6,official_syllabus_2016,3,全国大学英语四、六级考试大纲（2016年修订版）词表；★标为六级词。
saddle,,,,cet6,official_syllabus_2016,3,全国大学英语四、六级考试大纲（2016年修订版）词表；★标为六级词。
safeguard,,,,cet6,official_syllabus_2016,3,全国大学英语四、六级考试大纲（2016年修订版）词表；★标为六级词。
salmon,,,,cet6,official_syllabus_2016,3,全国大学英语四、六级考试大纲（2016年修订版）词表；★标为六级词。
salon,,,,cet6,official_syllabus_2016,3,全国大学英语四、六级考试大纲（2016年修订版）词表；★标为六级词。
salute,,,,cet6,official_syllabus_2016,3,全国大学英语四、六级考试大纲（2016年修订版）词表；★标为六级词。
salvage,,,,cet6,official_syllabus_2016,3,全国大学英语四、六级考试大纲（2016年修订版）词表；★标为六级词。
salvation,,,,cet6,official_syllabus_2016,3,全国大学英语四、六级考试大纲（2016年修订版）词表；★标为六级词。
sanction,,,,cet6,official_syllabus_2016,3,全国大学英语四、六级考试大纲（2016年修订版）词表；★标为六级词。
sanctuary,,,,cet6,official_syllabus_2016,3,全国大学英语四、六级考试大纲（2016年修订版）词表；★标为六级词。
sanitation,,,,cet6,official_syllabus_2016,3,全国大学英语四、六级考试大纲（2016年修订版）词表；★标为六级词。
sarcasm,,,,cet6,official_syllabus_2016,3,全国大学英语四、六级考试大纲（2016年修订版）词表；★标为六级词。
satire,,,,cet6,official_syllabus_2016,3,全国大学英语四、六级考试大纲（2016年修订版）词表；★标为六级词。
saturate,,,,cet6,official_syllabus_2016,3,全国大学英语四、六级考试大纲（2016年修订版）词表；★标为六级词。
savage,,,,cet6,official_syllabus_2016,3,全国大学英语四、六级考试大纲（2016年修订版）词表；★标为六级词。
scenario,,,,cet6,official_syllabus_2016,3,全国大学英语四、六级考试大纲（2016年修订版）词表；★标为六级词。
scorn,,,,cet6,official_syllabus_2016,3,全国大学英语四、六级考试大纲（2016年修订版）词表；★标为六级词。
scramble,,,,cet6,official_syllabus_2016,3,全国大学英语四、六级考试大纲（2016年修订版）词表；★标为六级词。
scrap,,,,cet6,official_syllabus_2016,3,全国大学英语四、六级考试大纲（2016年修订版）词表；★标为六级词。
scrape,,,,cet6,official_syllabus_2016,3,全国大学英语四、六级考试大纲（2016年修订版）词表；★标为六级词。
scrub,,,,cet6,official_syllabus_2016,3,全国大学英语四、六级考试大纲（2016年修订版）词表；★标为六级词。
scrutiny,,,,cet6,official_syllabus_2016,3,全国大学英语四、六级考试大纲（2016年修订版）词表；★标为六级词。
sculpture,,,,cet6,official_syllabus_2016,3,全国大学英语四、六级考试大纲（2016年修订版）词表；★标为六级词。
secular,,,,cet6,official_syllabus_2016,3,全国大学英语四、六级考试大纲（2016年修订版）词表；★标为六级词。
seduce,,,,cet6,official_syllabus_2016,3,全国大学英语四、六级考试大纲（2016年修订版）词表；★标为六级词。
segregate,,,,cet6,official_syllabus_2016,3,全国大学英语四、六级考试大纲（2016年修订版）词表；★标为六级词。
sensation,,,,cet6,official_syllabus_2016,3,全国大学英语四、六级考试大纲（2016年修订版）词表；★标为六级词。
sentiment,,,,cet6,official_syllabus_2016,3,全国大学英语四、六级考试大纲（2016年修订版）词表；★标为六级词。
sergeant,,,,cet6,official_syllabus_2016,3,全国大学英语四、六级考试大纲（2016年修订版）词表；★标为六级词。
serial,,,,cet6,official_syllabus_2016,3,全国大学英语四、六级考试大纲（2016年修订版）词表；★标为六级词。
shabby,,,,cet6,official_syllabus_2016,3,全国大学英语四、六级考试大纲（2016年修订版）词表；★标为六级词。
shaft,,,,cet6,official_syllabus_2016,3,全国大学英语四、六级考试大纲（2016年修订版）词表；★标为六级词。
shark,,,,cet6,official_syllabus_2016,3,全国大学英语四、六级考试大纲（2016年修订版）词表；★标为六级词。
shatter,,,,cet6,official_syllabus_2016,3,全国大学英语四、六级考试大纲（2016年修订版）词表；★标为六级词。
shepherd,,,,cet6,official_syllabus_2016,3,全国大学英语四、六级考试大纲（2016年修订版）词表；★标为六级词。
shield,,,,cet6,official_syllabus_2016,3,全国大学英语四、六级考试大纲（2016年修订版）词表；★标为六级词。
shipyard,,,,cet6,official_syllabus_2016,3,全国大学英语四、六级考试大纲（2016年修订版）词表；★标为六级词。
shorthand,,,,cet6,official_syllabus_2016,3,全国大学英语四、六级考试大纲（2016年修订版）词表；★标为六级词。
shove,,,,cet6,official_syllabus_2016,3,全国大学英语四、六级考试大纲（2016年修订版）词表；★标为六级词。
showcase,,,,cet6,official_syllabus_2016,3,全国大学英语四、六级考试大纲（2016年修订版）词表；★标为六级词。
shred,,,,cet6,official_syllabus_2016,3,全国大学英语四、六级考试大纲（2016年修订版）词表；★标为六级词。
shrewd,,,,cet6,official_syllabus_2016,3,全国大学英语四、六级考试大纲（2016年修订版）词表；★标为六级词。
shrub,,,,cet6,official_syllabus_2016,3,全国大学英语四、六级考试大纲（2016年修订版）词表；★标为六级词。
signify,,,,cet6,official_syllabus_2016,3,全国大学英语四、六级考试大纲（2016年修订版）词表；★标为六级词。
simulate,,,,cet6,official_syllabus_2016,3,全国大学英语四、六级考试大纲（2016年修订版）词表；★标为六级词。
simultaneous,,,,cet6,official_syllabus_2016,3,全国大学英语四、六级考试大纲（2016年修订版）词表；★标为六级词。
sinister,,,,cet6,official_syllabus_2016,3,全国大学英语四、六级考试大纲（2016年修订版）词表；★标为六级词。
skeptical/sceptical,,,,cet6,official_syllabus_2016,3,全国大学英语四、六级考试大纲（2016年修订版）词表；★标为六级词。
skim,,,,cet6,official_syllabus_2016,3,全国大学英语四、六级考试大纲（2016年修订版）词表；★标为六级词。
skull,,,,cet6,official_syllabus_2016,3,全国大学英语四、六级考试大纲（2016年修订版）词表；★标为六级词。
slack,,,,cet6,official_syllabus_2016,3,全国大学英语四、六级考试大纲（2016年修订版）词表；★标为六级词。
slam,,,,cet6,official_syllabus_2016,3,全国大学英语四、六级考试大纲（2016年修订版）词表；★标为六级词。
slash,,,,cet6,official_syllabus_2016,3,全国大学英语四、六级考试大纲（2016年修订版）词表；★标为六级词。
slaughter,,,,cet6,official_syllabus_2016,3,全国大学英语四、六级考试大纲（2016年修订版）词表；★标为六级词。
slot,,,,cet6,official_syllabus_2016,3,全国大学英语四、六级考试大纲（2016年修订版）词表；★标为六级词。
slum,,,,cet6,official_syllabus_2016,3,全国大学英语四、六级考试大纲（2016年修订版）词表；★标为六级词。
slump,,,,cet6,official_syllabus_2016,3,全国大学英语四、六级考试大纲（2016年修订版）词表；★标为六级词。
smuggle,,,,cet6,official_syllabus_2016,3,全国大学英语四、六级考试大纲（2016年修订版）词表；★标为六级词。
snail,,,,cet6,official_syllabus_2016,3,全国大学英语四、六级考试大纲（2016年修订版）词表；★标为六级词。
snap,,,,cet6,official_syllabus_2016,3,全国大学英语四、六级考试大纲（2016年修订版）词表；★标为六级词。
snatch,,,,cet6,official_syllabus_2016,3,全国大学英语四、六级考试大纲（2016年修订版）词表；★标为六级词。
sneak,,,,cet6,official_syllabus_2016,3,全国大学英语四、六级考试大纲（2016年修订版）词表；★标为六级词。
sniff,,,,cet6,official_syllabus_2016,3,全国大学英语四、六级考试大纲（2016年修订版）词表；★标为六级词。
snob,,,,cet6,official_syllabus_2016,3,全国大学英语四、六级考试大纲（2016年修订版）词表；★标为六级词。
sob,,,,cet6,official_syllabus_2016,3,全国大学英语四、六级考试大纲（2016年修订版）词表；★标为六级词。
socket,,,,cet6,official_syllabus_2016,3,全国大学英语四、六级考试大纲（2016年修订版）词表；★标为六级词。
sodium,,,,cet6,official_syllabus_2016,3,全国大学英语四、六级考试大纲（2016年修订版）词表；★标为六级词。
solicit,,,,cet6,official_syllabus_2016,3,全国大学英语四、六级考试大纲（2016年修订版）词表；★标为六级词。
solidarity,,,,cet6,official_syllabus_2016,3,全国大学英语四、六级考试大纲（2016年修订版）词表；★标为六级词。
solitary,,,,cet6,official_syllabus_2016,3,全国大学英语四、六级考试大纲（2016年修订版）词表；★标为六级词。
solo,,,,cet6,official_syllabus_2016,3,全国大学英语四、六级考试大纲（2016年修订版）词表；★标为六级词。
soothe,,,,cet6,official_syllabus_2016,3,全国大学英语四、六级考试大纲（2016年修订版）词表；★标为六级词。
sovereign,,,,cet6,official_syllabus_2016,3,全国大学英语四、六级考试大纲（2016年修订版）词表；★标为六级词。
spaghetti,,,,cet6,official_syllabus_2016,3,全国大学英语四、六级考试大纲（2016年修订版）词表；★标为六级词。
spear,,,,cet6,official_syllabus_2016,3,全国大学英语四、六级考试大纲（2016年修订版）词表；★标为六级词。
specialty/speciality,,,,cet6,official_syllabus_2016,3,全国大学英语四、六级考试大纲（2016年修订版）词表；★标为六级词。
spectacle,,,,cet6,official_syllabus_2016,3,全国大学英语四、六级考试大纲（2016年修订版）词表；★标为六级词。
spectator,,,,cet6,official_syllabus_2016,3,全国大学英语四、六级考试大纲（2016年修订版）词表；★标为六级词。
spectrum,,,,cet6,official_syllabus_2016,3,全国大学英语四、六级考试大纲（2016年修订版）词表；★标为六级词。
spice,,,,cet6,official_syllabus_2016,3,全国大学英语四、六级考试大纲（2016年修订版）词表；★标为六级词。
spider,,,,cet6,official_syllabus_2016,3,全国大学英语四、六级考试大纲（2016年修订版）词表；★标为六级词。
spine,,,,cet6,official_syllabus_2016,3,全国大学英语四、六级考试大纲（2016年修订版）词表；★标为六级词。
spiral,,,,cet6,official_syllabus_2016,3,全国大学英语四、六级考试大纲（2016年修订版）词表；★标为六级词。
sponge,,,,cet6,official_syllabus_2016,3,全国大学英语四、六级考试大纲（2016年修订版）词表；★标为六级词。
spotlight,,,,cet6,official_syllabus_2016,3,全国大学英语四、六级考试大纲（2016年修订版）词表；★标为六级词。
sprawl,,,,cet6,official_syllabus_2016,3,全国大学英语四、六级考试大纲（2016年修订版）词表；★标为六级词。
sprinkle,,,,cet6,official_syllabus_2016,3,全国大学英语四、六级考试大纲（2016年修订版）词表；★标为六级词。
squad,,,,cet6,official_syllabus_2016,3,全国大学英语四、六级考试大纲（2016年修订版）词表；★标为六级词。
stab,,,,cet6,official_syllabus_2016,3,全国大学英语四、六级考试大纲（2016年修订版）词表；★标为六级词。
stagger,,,,cet6,official_syllabus_2016,3,全国大学英语四、六级考试大纲（2016年修订版）词表；★标为六级词。
stagnate,,,,cet6,official_syllabus_2016,3,全国大学英语四、六级考试大纲（2016年修订版）词表；★标为六级词。
stalk,,,,cet6,official_syllabus_2016,3,全国大学英语四、六级考试大纲（2016年修订版）词表；★标为六级词。
stall,,,,cet6,official_syllabus_2016,3,全国大学英语四、六级考试大纲（2016年修订版）词表；★标为六级词。
stammer,,,,cet6,official_syllabus_2016,3,全国大学英语四、六级考试大纲（2016年修订版）词表；★标为六级词。
stance,,,,cet6,official_syllabus_2016,3,全国大学英语四、六级考试大纲（2016年修订版）词表；★标为六级词。
standby,,,,cet6,official_syllabus_2016,3,全国大学英语四、六级考试大纲（2016年修订版）词表；★标为六级词。
staple,,,,cet6,official_syllabus_2016,3,全国大学英语四、六级考试大纲（2016年修订版）词表；★标为六级词。
stark,,,,cet6,official_syllabus_2016,3,全国大学英语四、六级考试大纲（2016年修订版）词表；★标为六级词。
static,,,,cet6,official_syllabus_2016,3,全国大学英语四、六级考试大纲（2016年修订版）词表；★标为六级词。
stationery,,,,cet6,official_syllabus_2016,3,全国大学英语四、六级考试大纲（2016年修订版）词表；★标为六级词。
statute,,,,cet6,official_syllabus_2016,3,全国大学英语四、六级考试大纲（2016年修订版）词表；★标为六级词。
stereotype,,,,cet6,official_syllabus_2016,3,全国大学英语四、六级考试大纲（2016年修订版）词表；★标为六级词。
stern,,,,cet6,official_syllabus_2016,3,全国大学英语四、六级考试大纲（2016年修订版）词表；★标为六级词。
steward(ess),,,,cet6,official_syllabus_2016,3,全国大学英语四、六级考试大纲（2016年修订版）词表；★标为六级词。
stifle,,,,cet6,official_syllabus_2016,3,全国大学英语四、六级考试大纲（2016年修订版）词表；★标为六级词。
stigma,,,,cet6,official_syllabus_2016,3,全国大学英语四、六级考试大纲（2016年修订版）词表；★标为六级词。
stipulate,,,,cet6,official_syllabus_2016,3,全国大学英语四、六级考试大纲（2016年修订版）词表；★标为六级词。
stitch,,,,cet6,official_syllabus_2016,3,全国大学英语四、六级考试大纲（2016年修订版）词表；★标为六级词。
stoop,,,,cet6,official_syllabus_2016,3,全国大学英语四、六级考试大纲（2016年修订版）词表；★标为六级词。
stout,,,,cet6,official_syllabus_2016,3,全国大学英语四、六级考试大纲（2016年修订版）词表；★标为六级词。
strait,,,,cet6,official_syllabus_2016,3,全国大学英语四、六级考试大纲（2016年修订版）词表；★标为六级词。
strand,,,,cet6,official_syllabus_2016,3,全国大学英语四、六级考试大纲（2016年修订版）词表；★标为六级词。
strangle,,,,cet6,official_syllabus_2016,3,全国大学英语四、六级考试大纲（2016年修订版）词表；★标为六级词。
stray,,,,cet6,official_syllabus_2016,3,全国大学英语四、六级考试大纲（2016年修订版）词表；★标为六级词。
streak,,,,cet6,official_syllabus_2016,3,全国大学英语四、六级考试大纲（2016年修订版）词表；★标为六级词。
streamline,,,,cet6,official_syllabus_2016,3,全国大学英语四、六级考试大纲（2016年修订版）词表；★标为六级词。
stroll,,,,cet6,official_syllabus_2016,3,全国大学英语四、六级考试大纲（2016年修订版）词表；★标为六级词。
stubborn,,,,cet6,official_syllabus_2016,3,全国大学英语四、六级考试大纲（2016年修订版）词表；★标为六级词。
stumble,,,,cet6,official_syllabus_2016,3,全国大学英语四、六级考试大纲（2016年修订版）词表；★标为六级词。
stump,,,,cet6,official_syllabus_2016,3,全国大学英语四、六级考试大纲（2016年修订版）词表；★标为六级词。
stun,,,,cet6,official_syllabus_2016,3,全国大学英语四、六级考试大纲（2016年修订版）词表；★标为六级词。
sturdy,,,,cet6,official_syllabus_2016,3,全国大学英语四、六级考试大纲（2016年修订版）词表；★标为六级词。
submarine,,,,cet6,official_syllabus_2016,3,全国大学英语四、六级考试大纲（2016年修订版）词表；★标为六级词。
submerge,,,,cet6,official_syllabus_2016,3,全国大学英语四、六级考试大纲（2016年修订版）词表；★标为六级词。
subordinate,,,,cet6,official_syllabus_2016,3,全国大学英语四、六级考试大纲（2016年修订版）词表；★标为六级词。
subscribe,,,,cet6,official_syllabus_2016,3,全国大学英语四、六级考试大纲（2016年修订版）词表；★标为六级词。
subsidy,,,,cet6,official_syllabus_2016,3,全国大学英语四、六级考试大纲（2016年修订版）词表；★标为六级词。
subsistence,,,,cet6,official_syllabus_2016,3,全国大学英语四、六级考试大纲（2016年修订版）词表；★标为六级词。
subtle,,,,cet6,official_syllabus_2016,3,全国大学英语四、六级考试大纲（2016年修订版）词表；★标为六级词。
sue,,,,cet6,official_syllabus_2016,3,全国大学英语四、六级考试大纲（2016年修订版）词表；★标为六级词。
suffice,,,,cet6,official_syllabus_2016,3,全国大学英语四、六级考试大纲（2016年修订版）词表；★标为六级词。
suicide,,,,cet6,official_syllabus_2016,3,全国大学英语四、六级考试大纲（2016年修订版）词表；★标为六级词。
suite,,,,cet6,official_syllabus_2016,3,全国大学英语四、六级考试大纲（2016年修订版）词表；★标为六级词。
sulfur/sulphur,,,,cet6,official_syllabus_2016,3,全国大学英语四、六级考试大纲（2016年修订版）词表；★标为六级词。
summon,,,,cet6,official_syllabus_2016,3,全国大学英语四、六级考试大纲（2016年修订版）词表；★标为六级词。
superintendent,,,,cet6,official_syllabus_2016,3,全国大学英语四、六级考试大纲（2016年修订版）词表；★标为六级词。
superstition,,,,cet6,official_syllabus_2016,3,全国大学英语四、六级考试大纲（2016年修订版）词表；★标为六级词。
suppress,,,,cet6,official_syllabus_2016,3,全国大学英语四、六级考试大纲（2016年修订版）词表；★标为六级词。
surpass,,,,cet6,official_syllabus_2016,3,全国大学英语四、六级考试大纲（2016年修订版）词表；★标为六级词。
surveillance,,,,cet6,official_syllabus_2016,3,全国大学英语四、六级考试大纲（2016年修订版）词表；★标为六级词。
susceptible,,,,cet6,official_syllabus_2016,3,全国大学英语四、六级考试大纲（2016年修订版）词表；★标为六级词。
swamp,,,,cet6,official_syllabus_2016,3,全国大学英语四、六级考试大纲（2016年修订版）词表；★标为六级词。
swap,,,,cet6,official_syllabus_2016,3,全国大学英语四、六级考试大纲（2016年修订版）词表；★标为六级词。
symmetry,,,,cet6,official_syllabus_2016,3,全国大学英语四、六级考试大纲（2016年修订版）词表；★标为六级词。
symphony,,,,cet6,official_syllabus_2016,3,全国大学英语四、六级考试大纲（2016年修订版）词表；★标为六级词。
symposium,,,,cet6,official_syllabus_2016,3,全国大学英语四、六级考试大纲（2016年修订版）词表；★标为六级词。
syndicate,,,,cet6,official_syllabus_2016,3,全国大学英语四、六级考试大纲（2016年修订版）词表；★标为六级词。
syndrome,,,,cet6,official_syllabus_2016,3,全国大学英语四、六级考试大纲（2016年修订版）词表；★标为六级词。
synonym,,,,cet6,official_syllabus_2016,3,全国大学英语四、六级考试大纲（2016年修订版）词表；★标为六级词。
synthesis,,,,cet6,official_syllabus_2016,3,全国大学英语四、六级考试大纲（2016年修订版）词表；★标为六级词。
taboo,,,,cet6,official_syllabus_2016,3,全国大学英语四、六级考试大纲（2016年修订版）词表；★标为六级词。
tack,,,,cet6,official_syllabus_2016,3,全国大学英语四、六级考试大纲（2016年修订版）词表；★标为六级词。
tact,,,,cet6,official_syllabus_2016,3,全国大学英语四、六级考试大纲（2016年修订版）词表；★标为六级词。
tactic,,,,cet6,official_syllabus_2016,3,全国大学英语四、六级考试大纲（2016年修订版）词表；★标为六级词。
tan,,,,cet6,official_syllabus_2016,3,全国大学英语四、六级考试大纲（2016年修订版）词表；★标为六级词。
tangle,,,,cet6,official_syllabus_2016,3,全国大学英语四、六级考试大纲（2016年修订版）词表；★标为六级词。
tanker,,,,cet6,official_syllabus_2016,3,全国大学英语四、六级考试大纲（2016年修订版）词表；★标为六级词。
tariff,,,,cet6,official_syllabus_2016,3,全国大学英语四、六级考试大纲（2016年修订版）词表；★标为六级词。
tease,,,,cet6,official_syllabus_2016,3,全国大学英语四、六级考试大纲（2016年修订版）词表；★标为六级词。
temperament,,,,cet6,official_syllabus_2016,3,全国大学英语四、六级考试大纲（2016年修订版）词表；★标为六级词。
tempo,,,,cet6,official_syllabus_2016,3,全国大学英语四、六级考试大纲（2016年修订版）词表；★标为六级词。
temporal,,,,cet6,official_syllabus_2016,3,全国大学英语四、六级考试大纲（2016年修订版）词表；★标为六级词。
tempt,,,,cet6,official_syllabus_2016,3,全国大学英语四、六级考试大纲（2016年修订版）词表；★标为六级词。
tenant,,,,cet6,official_syllabus_2016,3,全国大学英语四、六级考试大纲（2016年修订版）词表；★标为六级词。
tentative,,,,cet6,official_syllabus_2016,3,全国大学英语四、六级考试大纲（2016年修订版）词表；★标为六级词。
tenure,,,,cet6,official_syllabus_2016,3,全国大学英语四、六级考试大纲（2016年修订版）词表；★标为六级词。
terminate,,,,cet6,official_syllabus_2016,3,全国大学英语四、六级考试大纲（2016年修订版）词表；★标为六级词。
terrace,,,,cet6,official_syllabus_2016,3,全国大学英语四、六级考试大纲（2016年修订版）词表；★标为六级词。
terrain,,,,cet6,official_syllabus_2016,3,全国大学英语四、六级考试大纲（2016年修订版）词表；★标为六级词。
tertiary,,,,cet6,official_syllabus_2016,3,全国大学英语四、六级考试大纲（2016年修订版）词表；★标为六级词。
testify,,,,cet6,official_syllabus_2016,3,全国大学英语四、六级考试大纲（2016年修订版）词表；★标为六级词。
testimony,,,,cet6,official_syllabus_2016,3,全国大学英语四、六级考试大纲（2016年修订版）词表；★标为六级词。
texture,,,,cet6,official_syllabus_2016,3,全国大学英语四、六级考试大纲（2016年修订版）词表；★标为六级词。
thermal,,,,cet6,official_syllabus_2016,3,全国大学英语四、六级考试大纲（2016年修订版）词表；★标为六级词。
thigh,,,,cet6,official_syllabus_2016,3,全国大学英语四、六级考试大纲（2016年修订版）词表；★标为六级词。
thorn,,,,cet6,official_syllabus_2016,3,全国大学英语四、六级考试大纲（2016年修订版）词表；★标为六级词。
threshold,,,,cet6,official_syllabus_2016,3,全国大学英语四、六级考试大纲（2016年修订版）词表；★标为六级词。
thrift,,,,cet6,official_syllabus_2016,3,全国大学英语四、六级考试大纲（2016年修订版）词表；★标为六级词。
thrill,,,,cet6,official_syllabus_2016,3,全国大学英语四、六级考试大纲（2016年修订版）词表；★标为六级词。
throne,,,,cet6,official_syllabus_2016,3,全国大学英语四、六级考试大纲（2016年修订版）词表；★标为六级词。
tickle,,,,cet6,official_syllabus_2016,3,全国大学英语四、六级考试大纲（2016年修订版）词表；★标为六级词。
tile,,,,cet6,official_syllabus_2016,3,全国大学英语四、六级考试大纲（2016年修订版）词表；★标为六级词。
tilt,,,,cet6,official_syllabus_2016,3,全国大学英语四、六级考试大纲（2016年修订版）词表；★标为六级词。
timid,,,,cet6,official_syllabus_2016,3,全国大学英语四、六级考试大纲（2016年修订版）词表；★标为六级词。
toil,,,,cet6,official_syllabus_2016,3,全国大学英语四、六级考试大纲（2016年修订版）词表；★标为六级词。
topple,,,,cet6,official_syllabus_2016,3,全国大学英语四、六级考试大纲（2016年修订版）词表；★标为六级词。
tornado,,,,cet6,official_syllabus_2016,3,全国大学英语四、六级考试大纲（2016年修订版）词表；★标为六级词。
tournament,,,,cet6,official_syllabus_2016,3,全国大学英语四、六级考试大纲（2016年修订版）词表；★标为六级词。
tow,,,,cet6,official_syllabus_2016,3,全国大学英语四、六级考试大纲（2016年修订版）词表；★标为六级词。
toxic,,,,cet6,official_syllabus_2016,3,全国大学英语四、六级考试大纲（2016年修订版）词表；★标为六级词。
tract,,,,cet6,official_syllabus_2016,3,全国大学英语四、六级考试大纲（2016年修订版）词表；★标为六级词。
trait,,,,cet6,official_syllabus_2016,3,全国大学英语四、六级考试大纲（2016年修订版）词表；★标为六级词。
tranquil,,,,cet6,official_syllabus_2016,3,全国大学英语四、六级考试大纲（2016年修订版）词表；★标为六级词。
transcend,,,,cet6,official_syllabus_2016,3,全国大学英语四、六级考试大纲（2016年修订版）词表；★标为六级词。
transient,,,,cet6,official_syllabus_2016,3,全国大学英语四、六级考试大纲（2016年修订版）词表；★标为六级词。
transistor,,,,cet6,official_syllabus_2016,3,全国大学英语四、六级考试大纲（2016年修订版）词表；★标为六级词。
transition,,,,cet6,official_syllabus_2016,3,全国大学英语四、六级考试大纲（2016年修订版）词表；★标为六级词。
trauma,,,,cet6,official_syllabus_2016,3,全国大学英语四、六级考试大纲（2016年修订版）词表；★标为六级词。
tread,,,,cet6,official_syllabus_2016,3,全国大学英语四、六级考试大纲（2016年修订版）词表；★标为六级词。
treasury,,,,cet6,official_syllabus_2016,3,全国大学英语四、六级考试大纲（2016年修订版）词表；★标为六级词。
trek,,,,cet6,official_syllabus_2016,3,全国大学英语四、六级考试大纲（2016年修订版）词表；★标为六级词。
trench,,,,cet6,official_syllabus_2016,3,全国大学英语四、六级考试大纲（2016年修订版）词表；★标为六级词。
tribe,,,,cet6,official_syllabus_2016,3,全国大学英语四、六级考试大纲（2016年修订版）词表；★标为六级词。
tribune,,,,cet6,official_syllabus_2016,3,全国大学英语四、六级考试大纲（2016年修订版）词表；★标为六级词。
tribute,,,,cet6,official_syllabus_2016,3,全国大学英语四、六级考试大纲（2016年修订版）词表；★标为六级词。
trickle,,,,cet6,official_syllabus_2016,3,全国大学英语四、六级考试大纲（2016年修订版）词表；★标为六级词。
trillion,,,,cet6,official_syllabus_2016,3,全国大学英语四、六级考试大纲（2016年修订版）词表；★标为六级词。
trim,,,,cet6,official_syllabus_2016,3,全国大学英语四、六级考试大纲（2016年修订版）词表；★标为六级词。
trivial,,,,cet6,official_syllabus_2016,3,全国大学英语四、六级考试大纲（2016年修订版）词表；★标为六级词。
trophy,,,,cet6,official_syllabus_2016,3,全国大学英语四、六级考试大纲（2016年修订版）词表；★标为六级词。
tropic,,,,cet6,official_syllabus_2016,3,全国大学英语四、六级考试大纲（2016年修订版）词表；★标为六级词。
trumpet,,,,cet6,official_syllabus_2016,3,全国大学英语四、六级考试大纲（2016年修订版）词表；★标为六级词。
tub,,,,cet6,official_syllabus_2016,3,全国大学英语四、六级考试大纲（2016年修订版）词表；★标为六级词。
tuck,,,,cet6,official_syllabus_2016,3,全国大学英语四、六级考试大纲（2016年修订版）词表；★标为六级词。
tug,,,,cet6,official_syllabus_2016,3,全国大学英语四、六级考试大纲（2016年修订版）词表；★标为六级词。
tumble,,,,cet6,official_syllabus_2016,3,全国大学英语四、六级考试大纲（2016年修订版）词表；★标为六级词。
turbulent,,,,cet6,official_syllabus_2016,3,全国大学英语四、六级考试大纲（2016年修订版）词表；★标为六级词。
turmoil,,,,cet6,official_syllabus_2016,3,全国大学英语四、六级考试大纲（2016年修订版）词表；★标为六级词。
turnout,,,,cet6,official_syllabus_2016,3,全国大学英语四、六级考试大纲（2016年修订版）词表；★标为六级词。
turnover,,,,cet6,official_syllabus_2016,3,全国大学英语四、六级考试大纲（2016年修订版）词表；★标为六级词。
turtle,,,,cet6,official_syllabus_2016,3,全国大学英语四、六级考试大纲（2016年修订版）词表；★标为六级词。
ultra,,,,cet6,official_syllabus_2016,3,全国大学英语四、六级考试大纲（2016年修订版）词表；★标为六级词。
unanimous,,,,cet6,official_syllabus_2016,3,全国大学英语四、六级考试大纲（2016年修订版）词表；★标为六级词。
underlie,,,,cet6,official_syllabus_2016,3,全国大学英语四、六级考试大纲（2016年修订版）词表；★标为六级词。
unfold,,,,cet6,official_syllabus_2016,3,全国大学英语四、六级考试大纲（2016年修订版）词表；★标为六级词。
unify,,,,cet6,official_syllabus_2016,3,全国大学英语四、六级考试大纲（2016年修订版）词表；★标为六级词。
unilateral,,,,cet6,official_syllabus_2016,3,全国大学英语四、六级考试大纲（2016年修订版）词表；★标为六级词。
unleash,,,,cet6,official_syllabus_2016,3,全国大学英语四、六级考试大纲（2016年修订版）词表；★标为六级词。
unprecedented,,,,cet6,official_syllabus_2016,3,全国大学英语四、六级考试大纲（2016年修订版）词表；★标为六级词。
unveil,,,,cet6,official_syllabus_2016,3,全国大学英语四、六级考试大纲（2016年修订版）词表；★标为六级词。
uphold,,,,cet6,official_syllabus_2016,3,全国大学英语四、六级考试大纲（2016年修订版）词表；★标为六级词。
uprising,,,,cet6,official_syllabus_2016,3,全国大学英语四、六级考试大纲（2016年修订版）词表；★标为六级词。
uranium,,,,cet6,official_syllabus_2016,3,全国大学英语四、六级考试大纲（2016年修订版）词表；★标为六级词。
urine,,,,cet6,official_syllabus_2016,3,全国大学英语四、六级考试大纲（2016年修订版）词表；★标为六级词。
vaccine,,,,cet6,official_syllabus_2016,3,全国大学英语四、六级考试大纲（2016年修订版）词表；★标为六级词。
valve,,,,cet6,official_syllabus_2016,3,全国大学英语四、六级考试大纲（2016年修订版）词表；★标为六级词。
vegetation,,,,cet6,official_syllabus_2016,3,全国大学英语四、六级考试大纲（2016年修订版）词表；★标为六级词。
vein,,,,cet6,official_syllabus_2016,3,全国大学英语四、六级考试大纲（2016年修订版）词表；★标为六级词。
velocity,,,,cet6,official_syllabus_2016,3,全国大学英语四、六级考试大纲（2016年修订版）词表；★标为六级词。
velvet,,,,cet6,official_syllabus_2016,3,全国大学英语四、六级考试大纲（2016年修订版）词表；★标为六级词。
vent,,,,cet6,official_syllabus_2016,3,全国大学英语四、六级考试大纲（2016年修订版）词表；★标为六级词。
ventilate,,,,cet6,official_syllabus_2016,3,全国大学英语四、六级考试大纲（2016年修订版）词表；★标为六级词。
venue,,,,cet6,official_syllabus_2016,3,全国大学英语四、六级考试大纲（2016年修订版）词表；★标为六级词。
verdict,,,,cet6,official_syllabus_2016,3,全国大学英语四、六级考试大纲（2016年修订版）词表；★标为六级词。
verge,,,,cet6,official_syllabus_2016,3,全国大学英语四、六级考试大纲（2016年修订版）词表；★标为六级词。
versatile,,,,cet6,official_syllabus_2016,3,全国大学英语四、六级考试大纲（2016年修订版）词表；★标为六级词。
verse,,,,cet6,official_syllabus_2016,3,全国大学英语四、六级考试大纲（2016年修订版）词表；★标为六级词。
vest,,,,cet6,official_syllabus_2016,3,全国大学英语四、六级考试大纲（2016年修订版）词表；★标为六级词。
viable,,,,cet6,official_syllabus_2016,3,全国大学英语四、六级考试大纲（2016年修订版）词表；★标为六级词。
vibrate,,,,cet6,official_syllabus_2016,3,全国大学英语四、六级考试大纲（2016年修订版）词表；★标为六级词。
vice,,,,cet6,official_syllabus_2016,3,全国大学英语四、六级考试大纲（2016年修订版）词表；★标为六级词。
vicinity,,,,cet6,official_syllabus_2016,3,全国大学英语四、六级考试大纲（2016年修订版）词表；★标为六级词。
vicious,,,,cet6,official_syllabus_2016,3,全国大学英语四、六级考试大纲（2016年修订版）词表；★标为六级词。
virgin,,,,cet6,official_syllabus_2016,3,全国大学英语四、六级考试大纲（2016年修订版）词表；★标为六级词。
vocal,,,,cet6,official_syllabus_2016,3,全国大学英语四、六级考试大纲（2016年修订版）词表；★标为六级词。
vogue,,,,cet6,official_syllabus_2016,3,全国大学英语四、六级考试大纲（2016年修订版）词表；★标为六级词。
void,,,,cet6,official_syllabus_2016,3,全国大学英语四、六级考试大纲（2016年修订版）词表；★标为六级词。
volatile,,,,cet6,official_syllabus_2016,3,全国大学英语四、六级考试大纲（2016年修订版）词表；★标为六级词。
voucher,,,,cet6,official_syllabus_2016,3,全国大学英语四、六级考试大纲（2016年修订版）词表；★标为六级词。
vow,,,,cet6,official_syllabus_2016,3,全国大学英语四、六级考试大纲（2016年修订版）词表；★标为六级词。
vulgar,,,,cet6,official_syllabus_2016,3,全国大学英语四、六级考试大纲（2016年修订版）词表；★标为六级词。
waive,,,,cet6,official_syllabus_2016,3,全国大学英语四、六级考试大纲（2016年修订版）词表；★标为六级词。
wardrobe,,,,cet6,official_syllabus_2016,3,全国大学英语四、六级考试大纲（2016年修订版）词表；★标为六级词。
warrant,,,,cet6,official_syllabus_2016,3,全国大学英语四、六级考试大纲（2016年修订版）词表；★标为六级词。
warranty,,,,cet6,official_syllabus_2016,3,全国大学英语四、六级考试大纲（2016年修订版）词表；★标为六级词。
watt,,,,cet6,official_syllabus_2016,3,全国大学英语四、六级考试大纲（2016年修订版）词表；★标为六级词。
weary,,,,cet6,official_syllabus_2016,3,全国大学英语四、六级考试大纲（2016年修订版）词表；★标为六级词。
wedge,,,,cet6,official_syllabus_2016,3,全国大学英语四、六级考试大纲（2016年修订版）词表；★标为六级词。
wharf,,,,cet6,official_syllabus_2016,3,全国大学英语四、六级考试大纲（2016年修订版）词表；★标为六级词。
whereabouts,,,,cet6,official_syllabus_2016,3,全国大学英语四、六级考试大纲（2016年修订版）词表；★标为六级词。
whereby,,,,cet6,official_syllabus_2016,3,全国大学英语四、六级考试大纲（2016年修订版）词表；★标为六级词。
whirl,,,,cet6,official_syllabus_2016,3,全国大学英语四、六级考试大纲（2016年修订版）词表；★标为六级词。
wholesale,,,,cet6,official_syllabus_2016,3,全国大学英语四、六级考试大纲（2016年修订版）词表；★标为六级词。
wholesome,,,,cet6,official_syllabus_2016,3,全国大学英语四、六级考试大纲（2016年修订版）词表；★标为六级词。
wicked,,,,cet6,official_syllabus_2016,3,全国大学英语四、六级考试大纲（2016年修订版）词表；★标为六级词。
wield,,,,cet6,official_syllabus_2016,3,全国大学英语四、六级考试大纲（2016年修订版）词表；★标为六级词。
wink,,,,cet6,official_syllabus_2016,3,全国大学英语四、六级考试大纲（2016年修订版）词表；★标为六级词。
witch,,,,cet6,official_syllabus_2016,3,全国大学英语四、六级考试大纲（2016年修订版）词表；★标为六级词。
wither,,,,cet6,official_syllabus_2016,3,全国大学英语四、六级考试大纲（2016年修订版）词表；★标为六级词。
withhold,,,,cet6,official_syllabus_2016,3,全国大学英语四、六级考试大纲（2016年修订版）词表；★标为六级词。
wrench,,,,cet6,official_syllabus_2016,3,全国大学英语四、六级考试大纲（2016年修订版）词表；★标为六级词。
wrestle,,,,cet6,official_syllabus_2016,3,全国大学英语四、六级考试大纲（2016年修订版）词表；★标为六级词。
wretched,,,,cet6,official_syllabus_2016,3,全国大学英语四、六级考试大纲（2016年修订版）词表；★标为六级词。
yacht,,,,cet6,official_syllabus_2016,3,全国大学英语四、六级考试大纲（2016年修订版）词表；★标为六级词。
yawn,,,,cet6,official_syllabus_2016,3,全国大学英语四、六级考试大纲（2016年修订版）词表；★标为六级词。
yearn,,,,cet6,official_syllabus_2016,3,全国大学英语四、六级考试大纲（2016年修订版）词表；★标为六级词。
zeal,,,,cet6,official_syllabus_2016,3,全国大学英语四、六级考试大纲（2016年修订版）词表；★标为六级词。
zigzag,,,,cet6,official_syllabus_2016,3,全国大学英语四、六级考试大纲（2016年修订版）词表；★标为六级词。
zip,,,,cet6,official_syllabus_2016,3,全国大学英语四、六级考试大纲（2016年修订版）词表；★标为六级词。
zoom,,,,cet6,official_syllabus_2016,3,全国大学英语四、六级考试大纲（2016年修订版）词表；★标为六级词。
